date,harga_beras_kateng
2017-01-08,13400.0
2017-01-09,13333.333333333334
2017-01-10,13266.666666666666
2017-01-11,13200.0
2017-01-12,13207.142857142857
2017-01-13,13214.285714285714
2017-01-14,13221.42857142857
2017-01-15,13228.57142857143
2017-01-16,13235.714285714286
2017-01-17,13242.857142857143
2017-01-18,13250.0
2017-01-19,13257.142857142857
2017-01-20,13264.285714285714
2017-01-21,13271.42857142857
2017-01-22,13278.57142857143
2017-01-23,13285.714285714286
2017-01-24,13292.857142857143
2017-01-25,13300.0
2017-01-26,13307.142857142857
2017-01-27,13314.285714285714
2017-01-28,13321.42857142857
2017-01-29,13328.57142857143
2017-01-30,13335.714285714286
2017-01-31,13342.857142857143
2017-02-01,13350.0
2017-02-02,13357.142857142857
2017-02-03,13364.285714285714
2017-02-04,13371.42857142857
2017-02-05,13378.57142857143
2017-02-06,13385.714285714286
2017-02-07,13392.857142857143
2017-02-08,13400.0
2017-02-09,13250.0
2017-02-10,13100.0
2017-02-11,13200.0
2017-02-12,13220.454545454546
2017-02-13,13240.90909090909
2017-02-14,13261.363636363636
2017-02-15,13281.818181818182
2017-02-16,13302.272727272728
2017-02-17,13322.727272727272
2017-02-18,13343.181818181818
2017-02-19,13363.636363636364
2017-02-20,13384.09090909091
2017-02-21,13404.545454545454
2017-02-22,13425.0
2017-02-23,13445.454545454546
2017-02-24,13465.90909090909
2017-02-25,13486.363636363636
2017-02-26,13506.818181818182
2017-02-27,13527.272727272728
2017-02-28,13547.727272727272
2017-03-01,13568.181818181818
2017-03-02,13588.636363636364
2017-03-03,13609.09090909091
2017-03-04,13629.545454545454
2017-03-05,13650.0
2017-03-06,13566.666666666666
2017-03-07,13483.333333333334
2017-03-08,13400.0
2017-03-09,13250.0
2017-03-10,13100.0
2017-03-11,13200.0
2017-03-12,13235.185185185184
2017-03-13,13270.37037037037
2017-03-14,13305.555555555555
2017-03-15,13340.74074074074
2017-03-16,13375.925925925925
2017-03-17,13411.111111111111
2017-03-18,13446.296296296296
2017-03-19,13481.481481481482
2017-03-20,13516.666666666666
2017-03-21,13551.851851851852
2017-03-22,13587.037037037036
2017-03-23,13622.222222222223
2017-03-24,13657.407407407407
2017-03-25,13692.592592592593
2017-03-26,13727.777777777777
2017-03-27,13762.962962962964
2017-03-28,13798.148148148148
2017-03-29,13833.333333333334
2017-03-30,13868.518518518518
2017-03-31,13903.703703703704
2017-04-01,13938.888888888889
2017-04-02,13974.074074074075
2017-04-03,14009.25925925926
2017-04-04,14044.444444444445
2017-04-05,14079.62962962963
2017-04-06,14114.814814814816
2017-04-07,14150.0
2017-04-08,13400.0
2017-04-09,13400.0
2017-04-10,13100.0
2017-04-11,13175.0
2017-04-12,13250.0
2017-04-13,13267.391304347826
2017-04-14,13284.782608695652
2017-04-15,13302.173913043478
2017-04-16,13319.565217391304
2017-04-17,13336.95652173913
2017-04-18,13354.347826086956
2017-04-19,13371.739130434782
2017-04-20,13389.130434782608
2017-04-21,13406.521739130434
2017-04-22,13423.91304347826
2017-04-23,13441.304347826086
2017-04-24,13458.695652173914
2017-04-25,13476.08695652174
2017-04-26,13493.478260869566
2017-04-27,13510.869565217392
2017-04-28,13528.260869565218
2017-04-29,13545.652173913044
2017-04-30,13563.04347826087
2017-05-01,13580.434782608696
2017-05-02,13597.826086956522
2017-05-03,13615.217391304348
2017-05-04,13632.608695652174
2017-05-05,13650.0
2017-05-06,13850.0
2017-05-07,14050.0
2017-05-08,13725.0
2017-05-09,13400.0
2017-05-10,13100.0
2017-05-11,13225.0
2017-05-12,13350.0
2017-05-13,13350.0
2017-05-14,13350.0
2017-05-15,13350.0
2017-05-16,13350.0
2017-05-17,13350.0
2017-05-18,13350.0
2017-05-19,13350.0
2017-05-20,13350.0
2017-05-21,13350.0
2017-05-22,13350.0
2017-05-23,13350.0
2017-05-24,13350.0
2017-05-25,13350.0
2017-05-26,13350.0
2017-05-27,13350.0
2017-05-28,13350.0
2017-05-29,13350.0
2017-05-30,13350.0
2017-05-31,13350.0
2017-06-01,13350.0
2017-06-02,13350.0
2017-06-03,13350.0
2017-06-04,13350.0
2017-06-05,13350.0
2017-06-06,13350.0
2017-06-07,13350.0
2017-06-08,13266.666666666666
2017-06-09,13183.333333333334
2017-06-10,13100.0
2017-06-11,13200.0
2017-06-12,13350.0
2017-06-13,13348.0
2017-06-14,13346.0
2017-06-15,13344.0
2017-06-16,13342.0
2017-06-17,13340.0
2017-06-18,13338.0
2017-06-19,13336.0
2017-06-20,13334.0
2017-06-21,13332.0
2017-06-22,13330.0
2017-06-23,13328.0
2017-06-24,13326.0
2017-06-25,13324.0
2017-06-26,13322.0
2017-06-27,13320.0
2017-06-28,13318.0
2017-06-29,13316.0
2017-06-30,13314.0
2017-07-01,13312.0
2017-07-02,13310.0
2017-07-03,13308.0
2017-07-04,13306.0
2017-07-05,13304.0
2017-07-06,13302.0
2017-07-07,13300.0
2017-07-08,13400.0
2017-07-09,13450.0
2017-07-10,13325.0
2017-07-11,13200.0
2017-07-12,13350.0
2017-07-13,13351.851851851852
2017-07-14,13353.703703703704
2017-07-15,13355.555555555555
2017-07-16,13357.407407407407
2017-07-17,13359.25925925926
2017-07-18,13361.111111111111
2017-07-19,13362.962962962964
2017-07-20,13364.814814814816
2017-07-21,13366.666666666666
2017-07-22,13368.518518518518
2017-07-23,13370.37037037037
2017-07-24,13372.222222222223
2017-07-25,13374.074074074075
2017-07-26,13375.925925925925
2017-07-27,13377.777777777777
2017-07-28,13379.62962962963
2017-07-29,13381.481481481482
2017-07-30,13383.333333333334
2017-07-31,13385.185185185184
2017-08-01,13387.037037037036
2017-08-02,13388.888888888889
2017-08-03,13390.74074074074
2017-08-04,13392.592592592593
2017-08-05,13394.444444444445
2017-08-06,13396.296296296296
2017-08-07,13398.148148148148
2017-08-08,13400.0
2017-08-09,13650.0
2017-08-10,13425.0
2017-08-11,13200.0
2017-08-12,13350.0
2017-08-13,13351.851851851852
2017-08-14,13353.703703703704
2017-08-15,13355.555555555555
2017-08-16,13357.407407407407
2017-08-17,13359.25925925926
2017-08-18,13361.111111111111
2017-08-19,13362.962962962964
2017-08-20,13364.814814814816
2017-08-21,13366.666666666666
2017-08-22,13368.518518518518
2017-08-23,13370.37037037037
2017-08-24,13372.222222222223
2017-08-25,13374.074074074075
2017-08-26,13375.925925925925
2017-08-27,13377.777777777777
2017-08-28,13379.62962962963
2017-08-29,13381.481481481482
2017-08-30,13383.333333333334
2017-08-31,13385.185185185184
2017-09-01,13387.037037037036
2017-09-02,13388.888888888889
2017-09-03,13390.74074074074
2017-09-04,13392.592592592593
2017-09-05,13394.444444444445
2017-09-06,13396.296296296296
2017-09-07,13398.148148148148
2017-09-08,13400.0
2017-09-09,13316.666666666666
2017-09-10,13233.333333333334
2017-09-11,13150.0
2017-09-12,13193.478260869566
2017-09-13,13236.95652173913
2017-09-14,13280.434782608696
2017-09-15,13323.91304347826
2017-09-16,13367.391304347826
2017-09-17,13410.869565217392
2017-09-18,13454.347826086956
2017-09-19,13497.826086956522
2017-09-20,13541.304347826088
2017-09-21,13584.782608695652
2017-09-22,13628.260869565218
2017-09-23,13671.739130434782
2017-09-24,13715.217391304348
2017-09-25,13758.695652173914
2017-09-26,13802.173913043478
2017-09-27,13845.652173913044
2017-09-28,13889.130434782608
2017-09-29,13932.608695652174
2017-09-30,13976.08695652174
2017-10-01,14019.565217391304
2017-10-02,14063.04347826087
2017-10-03,14106.521739130434
2017-10-04,14150.0
2017-10-05,13950.0
2017-10-06,13750.0
2017-10-07,13550.0
2017-10-08,13400.0
2017-10-09,13250.0
2017-10-10,13100.0
2017-10-11,13142.0
2017-10-12,13184.0
2017-10-13,13226.0
2017-10-14,13268.0
2017-10-15,13310.0
2017-10-16,13352.0
2017-10-17,13394.0
2017-10-18,13436.0
2017-10-19,13478.0
2017-10-20,13520.0
2017-10-21,13562.0
2017-10-22,13604.0
2017-10-23,13646.0
2017-10-24,13688.0
2017-10-25,13730.0
2017-10-26,13772.0
2017-10-27,13814.0
2017-10-28,13856.0
2017-10-29,13898.0
2017-10-30,13940.0
2017-10-31,13982.0
2017-11-01,14024.0
2017-11-02,14066.0
2017-11-03,14108.0
2017-11-04,14150.0
2017-11-05,13866.666666666666
2017-11-06,13583.333333333334
2017-11-07,13300.0
2017-11-08,13400.0
2017-11-09,13450.0
2017-11-10,13100.0
2017-11-11,13225.0
2017-11-12,13350.0
2017-11-13,13384.09090909091
2017-11-14,13418.181818181818
2017-11-15,13452.272727272728
2017-11-16,13486.363636363636
2017-11-17,13520.454545454546
2017-11-18,13554.545454545454
2017-11-19,13588.636363636364
2017-11-20,13622.727272727272
2017-11-21,13656.818181818182
2017-11-22,13690.90909090909
2017-11-23,13725.0
2017-11-24,13759.09090909091
2017-11-25,13793.181818181818
2017-11-26,13827.272727272728
2017-11-27,13861.363636363636
2017-11-28,13895.454545454546
2017-11-29,13929.545454545454
2017-11-30,13963.636363636364
2017-12-01,13997.727272727272
2017-12-02,14031.818181818182
2017-12-03,14065.90909090909
2017-12-04,14100.0
2017-12-05,13933.333333333334
2017-12-06,13766.666666666666
2017-12-07,13600.0
2017-12-08,13433.333333333334
2017-12-09,13266.666666666666
2017-12-10,13100.0
2017-12-11,13225.0
2017-12-12,13350.0
2017-12-13,13371.42857142857
2017-12-14,13392.857142857143
2017-12-15,13414.285714285714
2017-12-16,13435.714285714286
2017-12-17,13457.142857142857
2017-12-18,13478.57142857143
2017-12-19,13500.0
2017-12-20,13521.42857142857
2017-12-21,13542.857142857143
2017-12-22,13564.285714285714
2017-12-23,13585.714285714286
2017-12-24,13607.142857142857
2017-12-25,13628.57142857143
2017-12-26,13650.0
2017-12-27,13671.42857142857
2017-12-28,13692.857142857143
2017-12-29,13714.285714285714
2017-12-30,13735.714285714286
2017-12-31,13757.142857142857
2018-01-01,13778.57142857143
2018-01-02,13800.0
2018-01-03,13800.0
2018-01-04,13670.0
2018-01-05,13540.0
2018-01-06,13410.0
2018-01-07,13280.0
2018-01-08,13150.0
2018-01-09,13125.0
2018-01-10,13100.0
2018-01-11,13000.0
2018-01-12,13014.285714285714
2018-01-13,13028.57142857143
2018-01-14,13042.857142857143
2018-01-15,13057.142857142857
2018-01-16,13071.42857142857
2018-01-17,13085.714285714286
2018-01-18,13100.0
2018-01-19,13114.285714285714
2018-01-20,13128.57142857143
2018-01-21,13142.857142857143
2018-01-22,13157.142857142857
2018-01-23,13171.42857142857
2018-01-24,13185.714285714286
2018-01-25,13200.0
2018-01-26,13214.285714285714
2018-01-27,13228.57142857143
2018-01-28,13242.857142857143
2018-01-29,13257.142857142857
2018-01-30,13271.42857142857
2018-01-31,13285.714285714286
2018-02-01,13300.0
2018-02-02,13800.0
2018-02-03,13750.0
2018-02-04,13800.0
2018-02-05,13700.0
2018-02-06,13625.0
2018-02-07,13550.0
2018-02-08,13150.0
2018-02-09,13125.0
2018-02-10,13100.0
2018-02-11,13000.0
2018-02-12,13019.444444444445
2018-02-13,13038.888888888889
2018-02-14,13058.333333333334
2018-02-15,13077.777777777777
2018-02-16,13097.222222222223
2018-02-17,13116.666666666666
2018-02-18,13136.111111111111
2018-02-19,13155.555555555555
2018-02-20,13175.0
2018-02-21,13194.444444444445
2018-02-22,13213.888888888889
2018-02-23,13233.333333333334
2018-02-24,13252.777777777777
2018-02-25,13272.222222222223
2018-02-26,13291.666666666666
2018-02-27,13311.111111111111
2018-02-28,13330.555555555555
2018-03-01,13350.0
2018-03-02,13500.0
2018-03-03,13650.0
2018-03-04,13800.0
2018-03-05,13700.0
2018-03-06,13625.0
2018-03-07,13550.0
2018-03-08,13150.0
2018-03-09,13100.0
2018-03-10,13100.0
2018-03-11,13125.0
2018-03-12,13150.0
2018-03-13,13160.0
2018-03-14,13170.0
2018-03-15,13180.0
2018-03-16,13190.0
2018-03-17,13200.0
2018-03-18,13210.0
2018-03-19,13220.0
2018-03-20,13230.0
2018-03-21,13240.0
2018-03-22,13250.0
2018-03-23,13260.0
2018-03-24,13270.0
2018-03-25,13280.0
2018-03-26,13290.0
2018-03-27,13300.0
2018-03-28,13310.0
2018-03-29,13320.0
2018-03-30,13330.0
2018-03-31,13340.0
2018-04-01,13350.0
2018-04-02,13500.0
2018-04-03,13650.0
2018-04-04,13800.0
2018-04-05,13700.0
2018-04-06,13600.0
2018-04-07,13550.0
2018-04-08,13325.0
2018-04-09,13100.0
2018-04-10,13100.0
2018-04-11,13150.0
2018-04-12,13200.0
2018-04-13,13210.526315789473
2018-04-14,13221.052631578947
2018-04-15,13231.578947368422
2018-04-16,13242.105263157895
2018-04-17,13252.631578947368
2018-04-18,13263.157894736842
2018-04-19,13273.684210526315
2018-04-20,13284.21052631579
2018-04-21,13294.736842105263
2018-04-22,13305.263157894737
2018-04-23,13315.78947368421
2018-04-24,13326.315789473685
2018-04-25,13336.842105263158
2018-04-26,13347.368421052632
2018-04-27,13357.894736842105
2018-04-28,13368.421052631578
2018-04-29,13378.947368421053
2018-04-30,13389.473684210527
2018-05-01,13400.0
2018-05-02,13750.0
2018-05-03,13750.0
2018-05-04,13800.0
2018-05-05,13700.0
2018-05-06,13600.0
2018-05-07,13550.0
2018-05-08,13325.0
2018-05-09,13100.0
2018-05-10,13100.0
2018-05-11,12950.0
2018-05-12,13200.0
2018-05-13,13228.57142857143
2018-05-14,13257.142857142857
2018-05-15,13285.714285714286
2018-05-16,13314.285714285714
2018-05-17,13342.857142857143
2018-05-18,13371.42857142857
2018-05-19,13400.0
2018-05-20,13428.57142857143
2018-05-21,13457.142857142857
2018-05-22,13485.714285714286
2018-05-23,13514.285714285714
2018-05-24,13542.857142857143
2018-05-25,13571.42857142857
2018-05-26,13600.0
2018-05-27,13628.57142857143
2018-05-28,13657.142857142857
2018-05-29,13685.714285714286
2018-05-30,13714.285714285714
2018-05-31,13742.857142857143
2018-06-01,13771.42857142857
2018-06-02,13800.0
2018-06-03,13750.0
2018-06-04,13800.0
2018-06-05,13700.0
2018-06-06,13600.0
2018-06-07,13375.0
2018-06-08,13150.0
2018-06-09,13100.0
2018-06-10,13133.333333333334
2018-06-11,13166.666666666666
2018-06-12,13200.0
2018-06-13,13227.5
2018-06-14,13255.0
2018-06-15,13282.5
2018-06-16,13310.0
2018-06-17,13337.5
2018-06-18,13365.0
2018-06-19,13392.5
2018-06-20,13420.0
2018-06-21,13447.5
2018-06-22,13475.0
2018-06-23,13502.5
2018-06-24,13530.0
2018-06-25,13557.5
2018-06-26,13585.0
2018-06-27,13612.5
2018-06-28,13640.0
2018-06-29,13667.5
2018-06-30,13695.0
2018-07-01,13722.5
2018-07-02,13750.0
2018-07-03,13750.0
2018-07-04,13725.0
2018-07-05,13700.0
2018-07-06,13600.0
2018-07-07,13325.0
2018-07-08,13050.0
2018-07-09,13100.0
2018-07-10,13050.0
2018-07-11,13000.0
2018-07-12,13200.0
2018-07-13,13207.5
2018-07-14,13215.0
2018-07-15,13222.5
2018-07-16,13230.0
2018-07-17,13237.5
2018-07-18,13245.0
2018-07-19,13252.5
2018-07-20,13260.0
2018-07-21,13267.5
2018-07-22,13275.0
2018-07-23,13282.5
2018-07-24,13290.0
2018-07-25,13297.5
2018-07-26,13305.0
2018-07-27,13312.5
2018-07-28,13320.0
2018-07-29,13327.5
2018-07-30,13335.0
2018-07-31,13342.5
2018-08-01,13350.0
2018-08-02,13750.0
2018-08-03,13450.0
2018-08-04,13575.0
2018-08-05,13700.0
2018-08-06,13600.0
2018-08-07,13375.0
2018-08-08,13150.0
2018-08-09,13075.0
2018-08-10,13000.0
2018-08-11,13000.0
2018-08-12,13021.42857142857
2018-08-13,13042.857142857143
2018-08-14,13064.285714285714
2018-08-15,13085.714285714286
2018-08-16,13107.142857142857
2018-08-17,13128.57142857143
2018-08-18,13150.0
2018-08-19,13171.42857142857
2018-08-20,13192.857142857143
2018-08-21,13214.285714285714
2018-08-22,13235.714285714286
2018-08-23,13257.142857142857
2018-08-24,13278.57142857143
2018-08-25,13300.0
2018-08-26,13321.42857142857
2018-08-27,13342.857142857143
2018-08-28,13364.285714285714
2018-08-29,13385.714285714286
2018-08-30,13407.142857142857
2018-08-31,13428.57142857143
2018-09-01,13450.0
2018-09-02,13550.0
2018-09-03,13750.0
2018-09-04,13800.0
2018-09-05,13700.0
2018-09-06,13500.0
2018-09-07,13300.0
2018-09-08,13150.0
2018-09-09,13100.0
2018-09-10,13050.0
2018-09-11,13000.0
2018-09-12,13022.5
2018-09-13,13045.0
2018-09-14,13067.5
2018-09-15,13090.0
2018-09-16,13112.5
2018-09-17,13135.0
2018-09-18,13157.5
2018-09-19,13180.0
2018-09-20,13202.5
2018-09-21,13225.0
2018-09-22,13247.5
2018-09-23,13270.0
2018-09-24,13292.5
2018-09-25,13315.0
2018-09-26,13337.5
2018-09-27,13360.0
2018-09-28,13382.5
2018-09-29,13405.0
2018-09-30,13427.5
2018-10-01,13450.0
2018-10-02,13566.666666666666
2018-10-03,13683.333333333334
2018-10-04,13800.0
2018-10-05,13633.333333333334
2018-10-06,13466.666666666666
2018-10-07,13300.0
2018-10-08,13150.0
2018-10-09,12700.0
2018-10-10,13050.0
2018-10-11,13125.0
2018-10-12,13200.0
2018-10-13,13210.0
2018-10-14,13220.0
2018-10-15,13230.0
2018-10-16,13240.0
2018-10-17,13250.0
2018-10-18,13260.0
2018-10-19,13270.0
2018-10-20,13280.0
2018-10-21,13290.0
2018-10-22,13300.0
2018-10-23,13310.0
2018-10-24,13320.0
2018-10-25,13330.0
2018-10-26,13340.0
2018-10-27,13350.0
2018-10-28,13360.0
2018-10-29,13370.0
2018-10-30,13380.0
2018-10-31,13390.0
2018-11-01,13400.0
2018-11-02,13533.333333333334
2018-11-03,13666.666666666666
2018-11-04,13800.0
2018-11-05,13700.0
2018-11-06,13600.0
2018-11-07,13462.5
2018-11-08,13325.0
2018-11-09,13187.5
2018-11-10,13050.0
2018-11-11,13125.0
2018-11-12,13200.0
2018-11-13,13215.78947368421
2018-11-14,13231.578947368422
2018-11-15,13247.368421052632
2018-11-16,13263.157894736842
2018-11-17,13278.947368421053
2018-11-18,13294.736842105263
2018-11-19,13310.526315789473
2018-11-20,13326.315789473685
2018-11-21,13342.105263157895
2018-11-22,13357.894736842105
2018-11-23,13373.684210526315
2018-11-24,13389.473684210527
2018-11-25,13405.263157894737
2018-11-26,13421.052631578947
2018-11-27,13436.842105263158
2018-11-28,13452.631578947368
2018-11-29,13468.421052631578
2018-11-30,13484.21052631579
2018-12-01,13500.0
2018-12-02,13750.0
2018-12-03,13750.0
2018-12-04,13800.0
2018-12-05,13700.0
2018-12-06,13600.0
2018-12-07,13300.0
2018-12-08,13200.0
2018-12-09,13100.0
2018-12-10,13050.0
2018-12-11,13000.0
2018-12-12,13200.0
2018-12-13,13200.0
2018-12-14,13200.0
2018-12-15,13200.0
2018-12-16,13200.0
2018-12-17,13200.0
2018-12-18,13200.0
2018-12-19,13200.0
2018-12-20,13200.0
2018-12-21,13200.0
2018-12-22,13200.0
2018-12-23,13200.0
2018-12-24,13200.0
2018-12-25,13200.0
2018-12-26,13200.0
2018-12-27,13200.0
2018-12-28,13200.0
2018-12-29,13200.0
2018-12-30,13200.0
2018-12-31,13200.0
2019-01-01,13200.0
2019-01-02,13200.0
2019-01-03,13200.0
2019-01-04,13250.0
2019-01-05,13450.0
2019-01-06,13650.0
2019-01-07,13850.0
2019-01-08,13250.0
2019-01-09,13300.0
2019-01-10,13350.0
2019-01-11,13250.0
2019-01-12,13250.0
2019-01-13,13250.0
2019-01-14,13250.0
2019-01-15,13250.0
2019-01-16,13250.0
2019-01-17,13250.0
2019-01-18,13250.0
2019-01-19,13250.0
2019-01-20,13250.0
2019-01-21,13250.0
2019-01-22,13250.0
2019-01-23,13250.0
2019-01-24,13250.0
2019-01-25,13250.0
2019-01-26,13250.0
2019-01-27,13250.0
2019-01-28,13250.0
2019-01-29,13250.0
2019-01-30,13250.0
2019-01-31,13250.0
2019-02-01,13250.0
2019-02-02,13250.0
2019-02-03,13250.0
2019-02-04,13250.0
2019-02-05,13500.0
2019-02-06,13675.0
2019-02-07,13850.0
2019-02-08,13400.0
2019-02-09,13400.0
2019-02-10,13350.0
2019-02-11,13325.0
2019-02-12,13300.0
2019-02-13,13297.058823529413
2019-02-14,13294.117647058823
2019-02-15,13291.176470588236
2019-02-16,13288.235294117647
2019-02-17,13285.29411764706
2019-02-18,13282.35294117647
2019-02-19,13279.411764705883
2019-02-20,13276.470588235294
2019-02-21,13273.529411764706
2019-02-22,13270.588235294117
2019-02-23,13267.64705882353
2019-02-24,13264.70588235294
2019-02-25,13261.764705882353
2019-02-26,13258.823529411764
2019-02-27,13255.882352941177
2019-02-28,13252.941176470587
2019-03-01,13250.0
2019-03-02,13312.5
2019-03-03,13375.0
2019-03-04,13437.5
2019-03-05,13500.0
2019-03-06,13850.0
2019-03-07,13850.0
2019-03-08,13625.0
2019-03-09,13400.0
2019-03-10,13350.0
2019-03-11,13350.0
2019-03-12,13350.0
2019-03-13,13345.0
2019-03-14,13340.0
2019-03-15,13335.0
2019-03-16,13330.0
2019-03-17,13325.0
2019-03-18,13320.0
2019-03-19,13315.0
2019-03-20,13310.0
2019-03-21,13305.0
2019-03-22,13300.0
2019-03-23,13295.0
2019-03-24,13290.0
2019-03-25,13285.0
2019-03-26,13280.0
2019-03-27,13275.0
2019-03-28,13270.0
2019-03-29,13265.0
2019-03-30,13260.0
2019-03-31,13255.0
2019-04-01,13250.0
2019-04-02,13200.0
2019-04-03,13200.0
2019-04-04,13250.0
2019-04-05,13550.0
2019-04-06,13850.0
2019-04-07,13850.0
2019-04-08,13625.0
2019-04-09,13400.0
2019-04-10,13350.0
2019-04-11,13250.0
2019-04-12,13350.0
2019-04-13,13342.857142857143
2019-04-14,13335.714285714286
2019-04-15,13328.57142857143
2019-04-16,13321.42857142857
2019-04-17,13314.285714285714
2019-04-18,13307.142857142857
2019-04-19,13300.0
2019-04-20,13292.857142857143
2019-04-21,13285.714285714286
2019-04-22,13278.57142857143
2019-04-23,13271.42857142857
2019-04-24,13264.285714285714
2019-04-25,13257.142857142857
2019-04-26,13250.0
2019-04-27,13242.857142857143
2019-04-28,13235.714285714286
2019-04-29,13228.57142857143
2019-04-30,13221.42857142857
2019-05-01,13214.285714285714
2019-05-02,13207.142857142857
2019-05-03,13200.0
2019-05-04,13250.0
2019-05-05,13450.0
2019-05-06,13650.0
2019-05-07,13850.0
2019-05-08,13400.0
2019-05-09,13400.0
2019-05-10,13325.0
2019-05-11,13250.0
2019-05-12,13350.0
2019-05-13,13345.238095238095
2019-05-14,13340.47619047619
2019-05-15,13335.714285714286
2019-05-16,13330.952380952382
2019-05-17,13326.190476190477
2019-05-18,13321.42857142857
2019-05-19,13316.666666666666
2019-05-20,13311.904761904761
2019-05-21,13307.142857142857
2019-05-22,13302.380952380952
2019-05-23,13297.619047619048
2019-05-24,13292.857142857143
2019-05-25,13288.095238095239
2019-05-26,13283.333333333334
2019-05-27,13278.57142857143
2019-05-28,13273.809523809523
2019-05-29,13269.047619047618
2019-05-30,13264.285714285714
2019-05-31,13259.52380952381
2019-06-01,13254.761904761905
2019-06-02,13250.0
2019-06-03,13200.0
2019-06-04,13375.0
2019-06-05,13550.0
2019-06-06,13500.0
2019-06-07,13450.0
2019-06-08,13400.0
2019-06-09,13400.0
2019-06-10,13325.0
2019-06-11,13250.0
2019-06-12,13350.0
2019-06-13,13344.736842105263
2019-06-14,13339.473684210527
2019-06-15,13334.21052631579
2019-06-16,13328.947368421053
2019-06-17,13323.684210526315
2019-06-18,13318.421052631578
2019-06-19,13313.157894736842
2019-06-20,13307.894736842105
2019-06-21,13302.631578947368
2019-06-22,13297.368421052632
2019-06-23,13292.105263157895
2019-06-24,13286.842105263158
2019-06-25,13281.578947368422
2019-06-26,13276.315789473685
2019-06-27,13271.052631578947
2019-06-28,13265.78947368421
2019-06-29,13260.526315789473
2019-06-30,13255.263157894737
2019-07-01,13250.0
2019-07-02,13250.0
2019-07-03,13383.333333333334
2019-07-04,13516.666666666666
2019-07-05,13650.0
2019-07-06,13566.666666666666
2019-07-07,13483.333333333334
2019-07-08,13400.0
2019-07-09,13375.0
2019-07-10,13350.0
2019-07-11,13250.0
2019-07-12,13247.619047619048
2019-07-13,13245.238095238095
2019-07-14,13242.857142857143
2019-07-15,13240.47619047619
2019-07-16,13238.095238095239
2019-07-17,13235.714285714286
2019-07-18,13233.333333333334
2019-07-19,13230.952380952382
2019-07-20,13228.57142857143
2019-07-21,13226.190476190477
2019-07-22,13223.809523809523
2019-07-23,13221.42857142857
2019-07-24,13219.047619047618
2019-07-25,13216.666666666666
2019-07-26,13214.285714285714
2019-07-27,13211.904761904761
2019-07-28,13209.52380952381
2019-07-29,13207.142857142857
2019-07-30,13204.761904761905
2019-07-31,13202.380952380952
2019-08-01,13200.0
2019-08-02,13250.0
2019-08-03,13200.0
2019-08-04,13200.0
2019-08-05,13650.0
2019-08-06,13750.0
2019-08-07,13850.0
2019-08-08,13400.0
2019-08-09,13375.0
2019-08-10,13350.0
2019-08-11,13250.0
2019-08-12,13247.619047619048
2019-08-13,13245.238095238095
2019-08-14,13242.857142857143
2019-08-15,13240.47619047619
2019-08-16,13238.095238095239
2019-08-17,13235.714285714286
2019-08-18,13233.333333333334
2019-08-19,13230.952380952382
2019-08-20,13228.57142857143
2019-08-21,13226.190476190477
2019-08-22,13223.809523809523
2019-08-23,13221.42857142857
2019-08-24,13219.047619047618
2019-08-25,13216.666666666666
2019-08-26,13214.285714285714
2019-08-27,13211.904761904761
2019-08-28,13209.52380952381
2019-08-29,13207.142857142857
2019-08-30,13204.761904761905
2019-08-31,13202.380952380952
2019-09-01,13200.0
2019-09-02,13200.0
2019-09-03,13200.0
2019-09-04,13200.0
2019-09-05,13650.0
2019-09-06,13750.0
2019-09-07,13850.0
2019-09-08,13400.0
2019-09-09,13350.0
2019-09-10,13350.0
2019-09-11,13350.0
2019-09-12,13350.0
2019-09-13,13342.105263157895
2019-09-14,13334.21052631579
2019-09-15,13326.315789473685
2019-09-16,13318.421052631578
2019-09-17,13310.526315789473
2019-09-18,13302.631578947368
2019-09-19,13294.736842105263
2019-09-20,13286.842105263158
2019-09-21,13278.947368421053
2019-09-22,13271.052631578947
2019-09-23,13263.157894736842
2019-09-24,13255.263157894737
2019-09-25,13247.368421052632
2019-09-26,13239.473684210527
2019-09-27,13231.578947368422
2019-09-28,13223.684210526315
2019-09-29,13215.78947368421
2019-09-30,13207.894736842105
2019-10-01,13200.0
2019-10-02,13200.0
2019-10-03,13200.0
2019-10-04,13200.0
2019-10-05,13700.0
2019-10-06,13850.0
2019-10-07,13850.0
2019-10-08,13600.0
2019-10-09,13350.0
2019-10-10,13350.0
2019-10-11,13350.0
2019-10-12,13350.0
2019-10-13,13342.5
2019-10-14,13335.0
2019-10-15,13327.5
2019-10-16,13320.0
2019-10-17,13312.5
2019-10-18,13305.0
2019-10-19,13297.5
2019-10-20,13290.0
2019-10-21,13282.5
2019-10-22,13275.0
2019-10-23,13267.5
2019-10-24,13260.0
2019-10-25,13252.5
2019-10-26,13245.0
2019-10-27,13237.5
2019-10-28,13230.0
2019-10-29,13222.5
2019-10-30,13215.0
2019-10-31,13207.5
2019-11-01,13200.0
2019-11-02,13250.0
2019-11-03,13200.0
2019-11-04,13200.0
2019-11-05,13525.0
2019-11-06,13850.0
2019-11-07,13800.0
2019-11-08,13575.0
2019-11-09,13350.0
2019-11-10,13350.0
2019-11-11,13250.0
2019-11-12,13350.0
2019-11-13,13345.0
2019-11-14,13340.0
2019-11-15,13335.0
2019-11-16,13330.0
2019-11-17,13325.0
2019-11-18,13320.0
2019-11-19,13315.0
2019-11-20,13310.0
2019-11-21,13305.0
2019-11-22,13300.0
2019-11-23,13295.0
2019-11-24,13290.0
2019-11-25,13285.0
2019-11-26,13280.0
2019-11-27,13275.0
2019-11-28,13270.0
2019-11-29,13265.0
2019-11-30,13260.0
2019-12-01,13255.0
2019-12-02,13250.0
2019-12-03,13200.0
2019-12-04,13200.0
2019-12-05,13525.0
2019-12-06,13850.0
2019-12-07,13800.0
2019-12-08,13400.0
2019-12-09,13350.0
2019-12-10,13325.0
2019-12-11,13300.0
2019-12-12,13350.0
2019-12-13,13376.08695652174
2019-12-14,13402.173913043478
2019-12-15,13428.260869565218
2019-12-16,13454.347826086956
2019-12-17,13480.434782608696
2019-12-18,13506.521739130434
2019-12-19,13532.608695652174
2019-12-20,13558.695652173914
2019-12-21,13584.782608695652
2019-12-22,13610.869565217392
2019-12-23,13636.95652173913
2019-12-24,13663.04347826087
2019-12-25,13689.130434782608
2019-12-26,13715.217391304348
2019-12-27,13741.304347826086
2019-12-28,13767.391304347826
2019-12-29,13793.478260869566
2019-12-30,13819.565217391304
2019-12-31,13845.652173913044
2020-01-01,13871.739130434782
2020-01-02,13897.826086956522
2020-01-03,13923.91304347826
2020-01-04,13950.0
2020-01-05,14050.0
2020-01-06,14150.0
2020-01-07,14250.0
2020-01-08,14225.0
2020-01-09,14200.0
2020-01-10,14050.0
2020-01-11,14100.0
2020-01-12,14150.0
2020-01-13,14110.0
2020-01-14,14070.0
2020-01-15,14030.0
2020-01-16,13990.0
2020-01-17,13950.0
2020-01-18,13910.0
2020-01-19,13870.0
2020-01-20,13830.0
2020-01-21,13790.0
2020-01-22,13750.0
2020-01-23,13710.0
2020-01-24,13670.0
2020-01-25,13630.0
2020-01-26,13590.0
2020-01-27,13550.0
2020-01-28,13510.0
2020-01-29,13470.0
2020-01-30,13430.0
2020-01-31,13390.0
2020-02-01,13350.0
2020-02-02,13550.0
2020-02-03,13750.0
2020-02-04,13950.0
2020-02-05,14125.0
2020-02-06,14300.0
2020-02-07,14250.0
2020-02-08,14225.0
2020-02-09,14200.0
2020-02-10,14050.0
2020-02-11,14100.0
2020-02-12,14150.0
2020-02-13,14105.555555555555
2020-02-14,14061.111111111111
2020-02-15,14016.666666666666
2020-02-16,13972.222222222223
2020-02-17,13927.777777777777
2020-02-18,13883.333333333334
2020-02-19,13838.888888888889
2020-02-20,13794.444444444445
2020-02-21,13750.0
2020-02-22,13705.555555555555
2020-02-23,13661.111111111111
2020-02-24,13616.666666666666
2020-02-25,13572.222222222223
2020-02-26,13527.777777777777
2020-02-27,13483.333333333334
2020-02-28,13438.888888888889
2020-02-29,13394.444444444445
2020-03-01,13350.0
2020-03-02,13650.0
2020-03-03,13700.0
2020-03-04,13950.0
2020-03-05,14125.0
2020-03-06,14300.0
2020-03-07,14250.0
2020-03-08,14250.0
2020-03-09,14200.0
2020-03-10,14150.0
2020-03-11,14100.0
2020-03-12,14150.0
2020-03-13,14126.190476190477
2020-03-14,14102.380952380952
2020-03-15,14078.57142857143
2020-03-16,14054.761904761905
2020-03-17,14030.952380952382
2020-03-18,14007.142857142857
2020-03-19,13983.333333333334
2020-03-20,13959.52380952381
2020-03-21,13935.714285714286
2020-03-22,13911.904761904761
2020-03-23,13888.095238095239
2020-03-24,13864.285714285714
2020-03-25,13840.47619047619
2020-03-26,13816.666666666666
2020-03-27,13792.857142857143
2020-03-28,13769.047619047618
2020-03-29,13745.238095238095
2020-03-30,13721.42857142857
2020-03-31,13697.619047619048
2020-04-01,13673.809523809523
2020-04-02,13650.0
2020-04-03,13700.0
2020-04-04,14000.0
2020-04-05,14300.0
2020-04-06,14300.0
2020-04-07,14275.0
2020-04-08,14250.0
2020-04-09,14200.0
2020-04-10,14175.0
2020-04-11,14150.0
2020-04-12,14150.0
2020-04-13,14122.5
2020-04-14,14095.0
2020-04-15,14067.5
2020-04-16,14040.0
2020-04-17,14012.5
2020-04-18,13985.0
2020-04-19,13957.5
2020-04-20,13930.0
2020-04-21,13902.5
2020-04-22,13875.0
2020-04-23,13847.5
2020-04-24,13820.0
2020-04-25,13792.5
2020-04-26,13765.0
2020-04-27,13737.5
2020-04-28,13710.0
2020-04-29,13682.5
2020-04-30,13655.0
2020-05-01,13627.5
2020-05-02,13600.0
2020-05-03,13700.0
2020-05-04,14000.0
2020-05-05,14300.0
2020-05-06,14300.0
2020-05-07,14275.0
2020-05-08,14250.0
2020-05-09,14150.0
2020-05-10,14050.0
2020-05-11,14100.0
2020-05-12,14064.285714285714
2020-05-13,14028.57142857143
2020-05-14,13992.857142857143
2020-05-15,13957.142857142857
2020-05-16,13921.42857142857
2020-05-17,13885.714285714286
2020-05-18,13850.0
2020-05-19,13814.285714285714
2020-05-20,13778.57142857143
2020-05-21,13742.857142857143
2020-05-22,13707.142857142857
2020-05-23,13671.42857142857
2020-05-24,13635.714285714286
2020-05-25,13600.0
2020-05-26,13564.285714285714
2020-05-27,13528.57142857143
2020-05-28,13492.857142857143
2020-05-29,13457.142857142857
2020-05-30,13421.42857142857
2020-05-31,13385.714285714286
2020-06-01,13350.0
2020-06-02,13600.0
2020-06-03,13700.0
2020-06-04,13950.0
2020-06-05,14300.0
2020-06-06,14275.0
2020-06-07,14250.0
2020-06-08,14250.0
2020-06-09,14150.0
2020-06-10,14050.0
2020-06-11,14100.0
2020-06-12,14065.0
2020-06-13,14030.0
2020-06-14,13995.0
2020-06-15,13960.0
2020-06-16,13925.0
2020-06-17,13890.0
2020-06-18,13855.0
2020-06-19,13820.0
2020-06-20,13785.0
2020-06-21,13750.0
2020-06-22,13715.0
2020-06-23,13680.0
2020-06-24,13645.0
2020-06-25,13610.0
2020-06-26,13575.0
2020-06-27,13540.0
2020-06-28,13505.0
2020-06-29,13470.0
2020-06-30,13435.0
2020-07-01,13400.0
2020-07-02,13600.0
2020-07-03,13775.0
2020-07-04,13950.0
2020-07-05,14050.0
2020-07-06,14150.0
2020-07-07,14250.0
2020-07-08,14250.0
2020-07-09,14200.0
2020-07-10,14050.0
2020-07-11,14075.0
2020-07-12,14100.0
2020-07-13,14065.0
2020-07-14,14030.0
2020-07-15,13995.0
2020-07-16,13960.0
2020-07-17,13925.0
2020-07-18,13890.0
2020-07-19,13855.0
2020-07-20,13820.0
2020-07-21,13785.0
2020-07-22,13750.0
2020-07-23,13715.0
2020-07-24,13680.0
2020-07-25,13645.0
2020-07-26,13610.0
2020-07-27,13575.0
2020-07-28,13540.0
2020-07-29,13505.0
2020-07-30,13470.0
2020-07-31,13435.0
2020-08-01,13400.0
2020-08-02,13583.333333333334
2020-08-03,13766.666666666666
2020-08-04,13950.0
2020-08-05,14300.0
2020-08-06,14450.0
2020-08-07,14250.0
2020-08-08,14225.0
2020-08-09,14200.0
2020-08-10,14050.0
2020-08-11,14075.0
2020-08-12,14100.0
2020-08-13,14065.0
2020-08-14,14030.0
2020-08-15,13995.0
2020-08-16,13960.0
2020-08-17,13925.0
2020-08-18,13890.0
2020-08-19,13855.0
2020-08-20,13820.0
2020-08-21,13785.0
2020-08-22,13750.0
2020-08-23,13715.0
2020-08-24,13680.0
2020-08-25,13645.0
2020-08-26,13610.0
2020-08-27,13575.0
2020-08-28,13540.0
2020-08-29,13505.0
2020-08-30,13470.0
2020-08-31,13435.0
2020-09-01,13400.0
2020-09-02,13550.0
2020-09-03,13700.0
2020-09-04,13950.0
2020-09-05,14125.0
2020-09-06,14300.0
2020-09-07,14250.0
2020-09-08,14200.0
2020-09-09,14150.0
2020-09-10,14050.0
2020-09-11,14100.0
2020-09-12,14065.0
2020-09-13,14030.0
2020-09-14,13995.0
2020-09-15,13960.0
2020-09-16,13925.0
2020-09-17,13890.0
2020-09-18,13855.0
2020-09-19,13820.0
2020-09-20,13785.0
2020-09-21,13750.0
2020-09-22,13715.0
2020-09-23,13680.0
2020-09-24,13645.0
2020-09-25,13610.0
2020-09-26,13575.0
2020-09-27,13540.0
2020-09-28,13505.0
2020-09-29,13470.0
2020-09-30,13435.0
2020-10-01,13400.0
2020-10-02,13600.0
2020-10-03,13700.0
2020-10-04,13900.0
2020-10-05,14100.0
2020-10-06,14300.0
2020-10-07,14250.0
2020-10-08,14250.0
2020-10-09,14150.0
2020-10-10,14125.0
2020-10-11,14100.0
2020-10-12,14100.0
2020-10-13,14085.714285714286
2020-10-14,14071.42857142857
2020-10-15,14057.142857142857
2020-10-16,14042.857142857143
2020-10-17,14028.57142857143
2020-10-18,14014.285714285714
2020-10-19,14000.0
2020-10-20,13985.714285714286
2020-10-21,13971.42857142857
2020-10-22,13957.142857142857
2020-10-23,13942.857142857143
2020-10-24,13928.57142857143
2020-10-25,13914.285714285714
2020-10-26,13900.0
2020-10-27,13885.714285714286
2020-10-28,13871.42857142857
2020-10-29,13857.142857142857
2020-10-30,13842.857142857143
2020-10-31,13828.57142857143
2020-11-01,13814.285714285714
2020-11-02,13800.0
2020-11-03,13700.0
2020-11-04,14000.0
2020-11-05,14300.0
2020-11-06,14300.0
2020-11-07,14275.0
2020-11-08,14250.0
2020-11-09,14100.0
2020-11-10,14100.0
2020-11-11,14100.0
2020-11-12,14100.0
2020-11-13,14082.5
2020-11-14,14065.0
2020-11-15,14047.5
2020-11-16,14030.0
2020-11-17,14012.5
2020-11-18,13995.0
2020-11-19,13977.5
2020-11-20,13960.0
2020-11-21,13942.5
2020-11-22,13925.0
2020-11-23,13907.5
2020-11-24,13890.0
2020-11-25,13872.5
2020-11-26,13855.0
2020-11-27,13837.5
2020-11-28,13820.0
2020-11-29,13802.5
2020-11-30,13785.0
2020-12-01,13767.5
2020-12-02,13750.0
2020-12-03,13700.0
2020-12-04,14000.0
2020-12-05,14300.0
2020-12-06,14300.0
2020-12-07,14275.0
2020-12-08,14250.0
2020-12-09,14150.0
2020-12-10,14050.0
2020-12-11,14100.0
2020-12-12,14102.272727272728
2020-12-13,14104.545454545454
2020-12-14,14106.818181818182
2020-12-15,14109.09090909091
2020-12-16,14111.363636363636
2020-12-17,14113.636363636364
2020-12-18,14115.90909090909
2020-12-19,14118.181818181818
2020-12-20,14120.454545454546
2020-12-21,14122.727272727272
2020-12-22,14125.0
2020-12-23,14127.272727272728
2020-12-24,14129.545454545454
2020-12-25,14131.818181818182
2020-12-26,14134.09090909091
2020-12-27,14136.363636363636
2020-12-28,14138.636363636364
2020-12-29,14140.90909090909
2020-12-30,14143.181818181818
2020-12-31,14145.454545454546
2021-01-01,14147.727272727272
2021-01-02,14150.0
2021-01-03,14150.0
2021-01-04,14100.0
2021-01-05,14116.666666666666
2021-01-06,14133.333333333334
2021-01-07,14150.0
2021-01-08,14100.0
2021-01-09,14050.0
2021-01-10,13900.0
2021-01-11,13900.0
2021-01-12,13900.0
2021-01-13,13911.904761904761
2021-01-14,13923.809523809523
2021-01-15,13935.714285714286
2021-01-16,13947.619047619048
2021-01-17,13959.52380952381
2021-01-18,13971.42857142857
2021-01-19,13983.333333333334
2021-01-20,13995.238095238095
2021-01-21,14007.142857142857
2021-01-22,14019.047619047618
2021-01-23,14030.952380952382
2021-01-24,14042.857142857143
2021-01-25,14054.761904761905
2021-01-26,14066.666666666666
2021-01-27,14078.57142857143
2021-01-28,14090.47619047619
2021-01-29,14102.380952380952
2021-01-30,14114.285714285714
2021-01-31,14126.190476190477
2021-02-01,14138.095238095239
2021-02-02,14150.0
2021-02-03,14150.0
2021-02-04,14183.333333333334
2021-02-05,14216.666666666666
2021-02-06,14250.0
2021-02-07,14150.0
2021-02-08,14050.0
2021-02-09,14050.0
2021-02-10,13900.0
2021-02-11,13750.0
2021-02-12,13900.0
2021-02-13,13913.888888888889
2021-02-14,13927.777777777777
2021-02-15,13941.666666666666
2021-02-16,13955.555555555555
2021-02-17,13969.444444444445
2021-02-18,13983.333333333334
2021-02-19,13997.222222222223
2021-02-20,14011.111111111111
2021-02-21,14025.0
2021-02-22,14038.888888888889
2021-02-23,14052.777777777777
2021-02-24,14066.666666666666
2021-02-25,14080.555555555555
2021-02-26,14094.444444444445
2021-02-27,14108.333333333334
2021-02-28,14122.222222222223
2021-03-01,14136.111111111111
2021-03-02,14150.0
2021-03-03,14150.0
2021-03-04,14175.0
2021-03-05,14200.0
2021-03-06,14250.0
2021-03-07,14175.0
2021-03-08,14100.0
2021-03-09,14050.0
2021-03-10,13975.0
2021-03-11,13900.0
2021-03-12,13900.0
2021-03-13,13912.5
2021-03-14,13925.0
2021-03-15,13937.5
2021-03-16,13950.0
2021-03-17,13962.5
2021-03-18,13975.0
2021-03-19,13987.5
2021-03-20,14000.0
2021-03-21,14012.5
2021-03-22,14025.0
2021-03-23,14037.5
2021-03-24,14050.0
2021-03-25,14062.5
2021-03-26,14075.0
2021-03-27,14087.5
2021-03-28,14100.0
2021-03-29,14112.5
2021-03-30,14125.0
2021-03-31,14137.5
2021-04-01,14150.0
2021-04-02,14150.0
2021-04-03,14150.0
2021-04-04,14175.0
2021-04-05,14200.0
2021-04-06,14200.0
2021-04-07,14150.0
2021-04-08,14100.0
2021-04-09,14000.0
2021-04-10,13900.0
2021-04-11,13900.0
2021-04-12,13912.5
2021-04-13,13925.0
2021-04-14,13937.5
2021-04-15,13950.0
2021-04-16,13962.5
2021-04-17,13975.0
2021-04-18,13987.5
2021-04-19,14000.0
2021-04-20,14012.5
2021-04-21,14025.0
2021-04-22,14037.5
2021-04-23,14050.0
2021-04-24,14062.5
2021-04-25,14075.0
2021-04-26,14087.5
2021-04-27,14100.0
2021-04-28,14112.5
2021-04-29,14125.0
2021-04-30,14137.5
2021-05-01,14150.0
2021-05-02,14200.0
2021-05-03,14150.0
2021-05-04,14200.0
2021-05-05,14200.0
2021-05-06,14175.0
2021-05-07,14150.0
2021-05-08,14100.0
2021-05-09,14000.0
2021-05-10,13900.0
2021-05-11,13900.0
2021-05-12,13911.904761904761
2021-05-13,13923.809523809523
2021-05-14,13935.714285714286
2021-05-15,13947.619047619048
2021-05-16,13959.52380952381
2021-05-17,13971.42857142857
2021-05-18,13983.333333333334
2021-05-19,13995.238095238095
2021-05-20,14007.142857142857
2021-05-21,14019.047619047618
2021-05-22,14030.952380952382
2021-05-23,14042.857142857143
2021-05-24,14054.761904761905
2021-05-25,14066.666666666666
2021-05-26,14078.57142857143
2021-05-27,14090.47619047619
2021-05-28,14102.380952380952
2021-05-29,14114.285714285714
2021-05-30,14126.190476190477
2021-05-31,14138.095238095239
2021-06-01,14150.0
2021-06-02,14166.666666666666
2021-06-03,14183.333333333334
2021-06-04,14200.0
2021-06-05,14200.0
2021-06-06,14175.0
2021-06-07,14150.0
2021-06-08,14100.0
2021-06-09,14000.0
2021-06-10,13900.0
2021-06-11,13900.0
2021-06-12,13900.0
2021-06-13,13913.157894736842
2021-06-14,13926.315789473685
2021-06-15,13939.473684210527
2021-06-16,13952.631578947368
2021-06-17,13965.78947368421
2021-06-18,13978.947368421053
2021-06-19,13992.105263157895
2021-06-20,14005.263157894737
2021-06-21,14018.421052631578
2021-06-22,14031.578947368422
2021-06-23,14044.736842105263
2021-06-24,14057.894736842105
2021-06-25,14071.052631578947
2021-06-26,14084.21052631579
2021-06-27,14097.368421052632
2021-06-28,14110.526315789473
2021-06-29,14123.684210526315
2021-06-30,14136.842105263158
2021-07-01,14150.0
2021-07-02,14166.666666666666
2021-07-03,14183.333333333334
2021-07-04,14200.0
2021-07-05,14200.0
2021-07-06,14200.0
2021-07-07,14150.0
2021-07-08,14075.0
2021-07-09,14000.0
2021-07-10,13900.0
2021-07-11,13900.0
2021-07-12,13900.0
2021-07-13,13912.5
2021-07-14,13925.0
2021-07-15,13937.5
2021-07-16,13950.0
2021-07-17,13962.5
2021-07-18,13975.0
2021-07-19,13987.5
2021-07-20,14000.0
2021-07-21,14012.5
2021-07-22,14025.0
2021-07-23,14037.5
2021-07-24,14050.0
2021-07-25,14062.5
2021-07-26,14075.0
2021-07-27,14087.5
2021-07-28,14100.0
2021-07-29,14112.5
2021-07-30,14125.0
2021-07-31,14137.5
2021-08-01,14150.0
2021-08-02,14050.0
2021-08-03,14150.0
2021-08-04,14200.0
2021-08-05,14200.0
2021-08-06,14200.0
2021-08-07,14150.0
2021-08-08,14075.0
2021-08-09,14000.0
2021-08-10,13900.0
2021-08-11,13900.0
2021-08-12,13900.0
2021-08-13,13911.904761904761
2021-08-14,13923.809523809523
2021-08-15,13935.714285714286
2021-08-16,13947.619047619048
2021-08-17,13959.52380952381
2021-08-18,13971.42857142857
2021-08-19,13983.333333333334
2021-08-20,13995.238095238095
2021-08-21,14007.142857142857
2021-08-22,14019.047619047618
2021-08-23,14030.952380952382
2021-08-24,14042.857142857143
2021-08-25,14054.761904761905
2021-08-26,14066.666666666666
2021-08-27,14078.57142857143
2021-08-28,14090.47619047619
2021-08-29,14102.380952380952
2021-08-30,14114.285714285714
2021-08-31,14126.190476190477
2021-09-01,14138.095238095239
2021-09-02,14150.0
2021-09-03,14150.0
2021-09-04,14200.0
2021-09-05,14175.0
2021-09-06,14150.0
2021-09-07,14150.0
2021-09-08,14100.0
2021-09-09,14000.0
2021-09-10,13950.0
2021-09-11,13900.0
2021-09-12,13900.0
2021-09-13,13912.5
2021-09-14,13925.0
2021-09-15,13937.5
2021-09-16,13950.0
2021-09-17,13962.5
2021-09-18,13975.0
2021-09-19,13987.5
2021-09-20,14000.0
2021-09-21,14012.5
2021-09-22,14025.0
2021-09-23,14037.5
2021-09-24,14050.0
2021-09-25,14062.5
2021-09-26,14075.0
2021-09-27,14087.5
2021-09-28,14100.0
2021-09-29,14112.5
2021-09-30,14125.0
2021-10-01,14137.5
2021-10-02,14150.0
2021-10-03,14150.0
2021-10-04,14175.0
2021-10-05,14200.0
2021-10-06,14150.0
2021-10-07,14125.0
2021-10-08,14100.0
2021-10-09,14000.0
2021-10-10,13950.0
2021-10-11,13900.0
2021-10-12,13900.0
2021-10-13,13912.5
2021-10-14,13925.0
2021-10-15,13937.5
2021-10-16,13950.0
2021-10-17,13962.5
2021-10-18,13975.0
2021-10-19,13987.5
2021-10-20,14000.0
2021-10-21,14012.5
2021-10-22,14025.0
2021-10-23,14037.5
2021-10-24,14050.0
2021-10-25,14062.5
2021-10-26,14075.0
2021-10-27,14087.5
2021-10-28,14100.0
2021-10-29,14112.5
2021-10-30,14125.0
2021-10-31,14137.5
2021-11-01,14150.0
2021-11-02,14150.0
2021-11-03,14166.666666666666
2021-11-04,14183.333333333334
2021-11-05,14200.0
2021-11-06,14150.0
2021-11-07,14087.5
2021-11-08,14025.0
2021-11-09,13962.5
2021-11-10,13900.0
2021-11-11,13900.0
2021-11-12,13912.5
2021-11-13,13925.0
2021-11-14,13937.5
2021-11-15,13950.0
2021-11-16,13962.5
2021-11-17,13975.0
2021-11-18,13987.5
2021-11-19,14000.0
2021-11-20,14012.5
2021-11-21,14025.0
2021-11-22,14037.5
2021-11-23,14050.0
2021-11-24,14062.5
2021-11-25,14075.0
2021-11-26,14087.5
2021-11-27,14100.0
2021-11-28,14112.5
2021-11-29,14125.0
2021-11-30,14137.5
2021-12-01,14150.0
2021-12-02,14150.0
2021-12-03,14150.0
2021-12-04,14150.0
2021-12-05,14150.0
2021-12-06,14150.0
2021-12-07,14150.0
2021-12-08,14100.0
2021-12-09,14000.0
2021-12-10,13900.0
2021-12-11,13900.0
2021-12-12,13910.869565217392
2021-12-13,13921.739130434782
2021-12-14,13932.608695652174
2021-12-15,13943.478260869566
2021-12-16,13954.347826086956
2021-12-17,13965.217391304348
2021-12-18,13976.08695652174
2021-12-19,13986.95652173913
2021-12-20,13997.826086956522
2021-12-21,14008.695652173914
2021-12-22,14019.565217391304
2021-12-23,14030.434782608696
2021-12-24,14041.304347826086
2021-12-25,14052.173913043478
2021-12-26,14063.04347826087
2021-12-27,14073.91304347826
2021-12-28,14084.782608695652
2021-12-29,14095.652173913044
2021-12-30,14106.521739130434
2021-12-31,14117.391304347826
2022-01-01,14128.260869565218
2022-01-02,14139.130434782608
2022-01-03,14150.0
2022-01-04,14100.0
2022-01-05,14066.666666666666
2022-01-06,14033.333333333334
2022-01-07,14000.0
2022-01-08,14300.0
2022-01-09,14800.0
2022-01-10,14925.0
2022-01-11,15050.0
2022-01-12,15900.0
2022-01-13,15814.285714285714
2022-01-14,15728.57142857143
2022-01-15,15642.857142857143
2022-01-16,15557.142857142857
2022-01-17,15471.42857142857
2022-01-18,15385.714285714286
2022-01-19,15300.0
2022-01-20,15214.285714285714
2022-01-21,15128.57142857143
2022-01-22,15042.857142857143
2022-01-23,14957.142857142857
2022-01-24,14871.42857142857
2022-01-25,14785.714285714286
2022-01-26,14700.0
2022-01-27,14614.285714285714
2022-01-28,14528.571428571428
2022-01-29,14442.857142857143
2022-01-30,14357.142857142857
2022-01-31,14271.42857142857
2022-02-01,14185.714285714286
2022-02-02,14100.0
2022-02-03,14150.0
2022-02-04,14100.0
2022-02-05,14050.0
2022-02-06,14000.0
2022-02-07,14150.0
2022-02-08,14300.0
2022-02-09,14900.0
2022-02-10,15000.0
2022-02-11,15100.0
2022-02-12,15900.0
2022-02-13,15779.411764705883
2022-02-14,15658.823529411764
2022-02-15,15538.235294117647
2022-02-16,15417.64705882353
2022-02-17,15297.058823529413
2022-02-18,15176.470588235294
2022-02-19,15055.882352941177
2022-02-20,14935.29411764706
2022-02-21,14814.70588235294
2022-02-22,14694.117647058823
2022-02-23,14573.529411764706
2022-02-24,14452.941176470587
2022-02-25,14332.35294117647
2022-02-26,14211.764705882353
2022-02-27,14091.176470588236
2022-02-28,13970.588235294117
2022-03-01,13850.0
2022-03-02,14100.0
2022-03-03,14075.0
2022-03-04,14050.0
2022-03-05,14025.0
2022-03-06,14000.0
2022-03-07,14150.0
2022-03-08,14300.0
2022-03-09,14625.0
2022-03-10,14950.0
2022-03-11,15100.0
2022-03-12,15040.47619047619
2022-03-13,14980.952380952382
2022-03-14,14921.42857142857
2022-03-15,14861.904761904761
2022-03-16,14802.380952380952
2022-03-17,14742.857142857143
2022-03-18,14683.333333333334
2022-03-19,14623.809523809523
2022-03-20,14564.285714285714
2022-03-21,14504.761904761905
2022-03-22,14445.238095238095
2022-03-23,14385.714285714286
2022-03-24,14326.190476190477
2022-03-25,14266.666666666666
2022-03-26,14207.142857142857
2022-03-27,14147.619047619048
2022-03-28,14088.095238095239
2022-03-29,14028.571428571428
2022-03-30,13969.047619047618
2022-03-31,13909.52380952381
2022-04-01,13850.0
2022-04-02,14100.0
2022-04-03,14150.0
2022-04-04,14100.0
2022-04-05,14066.666666666666
2022-04-06,14033.333333333334
2022-04-07,14000.0
2022-04-08,14350.0
2022-04-09,14650.0
2022-04-10,14950.0
2022-04-11,15100.0
2022-04-12,15037.5
2022-04-13,14975.0
2022-04-14,14912.5
2022-04-15,14850.0
2022-04-16,14787.5
2022-04-17,14725.0
2022-04-18,14662.5
2022-04-19,14600.0
2022-04-20,14537.5
2022-04-21,14475.0
2022-04-22,14412.5
2022-04-23,14350.0
2022-04-24,14287.5
2022-04-25,14225.0
2022-04-26,14162.5
2022-04-27,14100.0
2022-04-28,14037.5
2022-04-29,13975.0
2022-04-30,13912.5
2022-05-01,13850.0
2022-05-02,13933.333333333334
2022-05-03,14016.666666666666
2022-05-04,14100.0
2022-05-05,14066.666666666666
2022-05-06,14033.333333333334
2022-05-07,14000.0
2022-05-08,14350.0
2022-05-09,14900.0
2022-05-10,14950.0
2022-05-11,15425.0
2022-05-12,15900.0
2022-05-13,15797.5
2022-05-14,15695.0
2022-05-15,15592.5
2022-05-16,15490.0
2022-05-17,15387.5
2022-05-18,15285.0
2022-05-19,15182.5
2022-05-20,15080.0
2022-05-21,14977.5
2022-05-22,14875.0
2022-05-23,14772.5
2022-05-24,14670.0
2022-05-25,14567.5
2022-05-26,14465.0
2022-05-27,14362.5
2022-05-28,14260.0
2022-05-29,14157.5
2022-05-30,14055.0
2022-05-31,13952.5
2022-06-01,13850.0
2022-06-02,13916.666666666666
2022-06-03,13983.333333333334
2022-06-04,14050.0
2022-06-05,14025.0
2022-06-06,14000.0
2022-06-07,14000.0
2022-06-08,14450.0
2022-06-09,14900.0
2022-06-10,14950.0
2022-06-11,15450.0
2022-06-12,15950.0
2022-06-13,15839.473684210527
2022-06-14,15728.947368421053
2022-06-15,15618.421052631578
2022-06-16,15507.894736842105
2022-06-17,15397.368421052632
2022-06-18,15286.842105263158
2022-06-19,15176.315789473683
2022-06-20,15065.78947368421
2022-06-21,14955.263157894737
2022-06-22,14844.736842105263
2022-06-23,14734.21052631579
2022-06-24,14623.684210526317
2022-06-25,14513.157894736842
2022-06-26,14402.631578947368
2022-06-27,14292.105263157895
2022-06-28,14181.578947368422
2022-06-29,14071.052631578947
2022-06-30,13960.526315789473
2022-07-01,13850.0
2022-07-02,14100.0
2022-07-03,14150.0
2022-07-04,14050.0
2022-07-05,14025.0
2022-07-06,14000.0
2022-07-07,14000.0
2022-07-08,14450.0
2022-07-09,14900.0
2022-07-10,14950.0
2022-07-11,15100.0
2022-07-12,15950.0
2022-07-13,15864.285714285714
2022-07-14,15778.57142857143
2022-07-15,15692.857142857143
2022-07-16,15607.142857142857
2022-07-17,15521.42857142857
2022-07-18,15435.714285714286
2022-07-19,15350.0
2022-07-20,15264.285714285714
2022-07-21,15178.57142857143
2022-07-22,15092.857142857143
2022-07-23,15007.142857142857
2022-07-24,14921.42857142857
2022-07-25,14835.714285714286
2022-07-26,14750.0
2022-07-27,14664.285714285714
2022-07-28,14578.571428571428
2022-07-29,14492.857142857143
2022-07-30,14407.142857142857
2022-07-31,14321.42857142857
2022-08-01,14235.714285714286
2022-08-02,14150.0
2022-08-03,14150.0
2022-08-04,14050.0
2022-08-05,14025.0
2022-08-06,14000.0
2022-08-07,14000.0
2022-08-08,14450.0
2022-08-09,14900.0
2022-08-10,15050.0
2022-08-11,15200.0
2022-08-12,15950.0
2022-08-13,15864.285714285714
2022-08-14,15778.57142857143
2022-08-15,15692.857142857143
2022-08-16,15607.142857142857
2022-08-17,15521.42857142857
2022-08-18,15435.714285714286
2022-08-19,15350.0
2022-08-20,15264.285714285714
2022-08-21,15178.57142857143
2022-08-22,15092.857142857143
2022-08-23,15007.142857142857
2022-08-24,14921.42857142857
2022-08-25,14835.714285714286
2022-08-26,14750.0
2022-08-27,14664.285714285714
2022-08-28,14578.571428571428
2022-08-29,14492.857142857143
2022-08-30,14407.142857142857
2022-08-31,14321.42857142857
2022-09-01,14235.714285714286
2022-09-02,14150.0
2022-09-03,14150.0
2022-09-04,14050.0
2022-09-05,13950.0
2022-09-06,14000.0
2022-09-07,14225.0
2022-09-08,14450.0
2022-09-09,14900.0
2022-09-10,15150.0
2022-09-11,15400.0
2022-09-12,16100.0
2022-09-13,15981.578947368422
2022-09-14,15863.157894736842
2022-09-15,15744.736842105263
2022-09-16,15626.315789473685
2022-09-17,15507.894736842105
2022-09-18,15389.473684210527
2022-09-19,15271.052631578947
2022-09-20,15152.631578947368
2022-09-21,15034.21052631579
2022-09-22,14915.78947368421
2022-09-23,14797.368421052632
2022-09-24,14678.947368421053
2022-09-25,14560.526315789473
2022-09-26,14442.105263157895
2022-09-27,14323.684210526317
2022-09-28,14205.263157894737
2022-09-29,14086.842105263158
2022-09-30,13968.42105263158
2022-10-01,13850.0
2022-10-02,14150.0
2022-10-03,14150.0
2022-10-04,14050.0
2022-10-05,13950.0
2022-10-06,14000.0
2022-10-07,14225.0
2022-10-08,14450.0
2022-10-09,14675.0
2022-10-10,14900.0
2022-10-11,15400.0
2022-10-12,15328.57142857143
2022-10-13,15257.142857142857
2022-10-14,15185.714285714286
2022-10-15,15114.285714285714
2022-10-16,15042.857142857143
2022-10-17,14971.42857142857
2022-10-18,14900.0
2022-10-19,14828.57142857143
2022-10-20,14757.142857142857
2022-10-21,14685.714285714286
2022-10-22,14614.285714285714
2022-10-23,14542.857142857143
2022-10-24,14471.42857142857
2022-10-25,14400.0
2022-10-26,14328.57142857143
2022-10-27,14257.142857142857
2022-10-28,14185.714285714286
2022-10-29,14114.285714285714
2022-10-30,14042.857142857143
2022-10-31,13971.42857142857
2022-11-01,13900.0
2022-11-02,14150.0
2022-11-03,14150.0
2022-11-04,13950.0
2022-11-05,13950.0
2022-11-06,13975.0
2022-11-07,14000.0
2022-11-08,14500.0
2022-11-09,14700.0
2022-11-10,14900.0
2022-11-11,15400.0
2022-11-12,15325.0
2022-11-13,15250.0
2022-11-14,15175.0
2022-11-15,15100.0
2022-11-16,15025.0
2022-11-17,14950.0
2022-11-18,14875.0
2022-11-19,14800.0
2022-11-20,14725.0
2022-11-21,14650.0
2022-11-22,14575.0
2022-11-23,14500.0
2022-11-24,14425.0
2022-11-25,14350.0
2022-11-26,14275.0
2022-11-27,14200.0
2022-11-28,14125.0
2022-11-29,14050.0
2022-11-30,13975.0
2022-12-01,13900.0
2022-12-02,13933.333333333334
2022-12-03,13966.666666666666
2022-12-04,14000.0
2022-12-05,13950.0
2022-12-06,13975.0
2022-12-07,14000.0
2022-12-08,14550.0
2022-12-09,15000.0
2022-12-10,14900.0
2022-12-11,15575.0
2022-12-12,16250.0
2022-12-13,16278.57142857143
2022-12-14,16307.142857142857
2022-12-15,16335.714285714286
2022-12-16,16364.285714285714
2022-12-17,16392.85714285714
2022-12-18,16421.428571428572
2022-12-19,16450.0
2022-12-20,16478.571428571428
2022-12-21,16507.14285714286
2022-12-22,16535.714285714286
2022-12-23,16564.285714285714
2022-12-24,16592.85714285714
2022-12-25,16621.428571428572
2022-12-26,16650.0
2022-12-27,16678.571428571428
2022-12-28,16707.14285714286
2022-12-29,16735.714285714286
2022-12-30,16764.285714285714
2022-12-31,16792.85714285714
2023-01-01,16821.428571428572
2023-01-02,16850.0
2023-01-03,17150.0
2023-01-04,17583.333333333332
2023-01-05,18016.666666666668
2023-01-06,18450.0
2023-01-07,18325.0
2023-01-08,18200.0
2023-01-09,18000.0
2023-01-10,18500.0
2023-01-11,19000.0
2023-01-12,18900.0
2023-01-13,18787.5
2023-01-14,18675.0
2023-01-15,18562.5
2023-01-16,18450.0
2023-01-17,18337.5
2023-01-18,18225.0
2023-01-19,18112.5
2023-01-20,18000.0
2023-01-21,17887.5
2023-01-22,17775.0
2023-01-23,17662.5
2023-01-24,17550.0
2023-01-25,17437.5
2023-01-26,17325.0
2023-01-27,17212.5
2023-01-28,17100.0
2023-01-29,16987.5
2023-01-30,16875.0
2023-01-31,16762.5
2023-02-01,16650.0
2023-02-02,16850.0
2023-02-03,17150.0
2023-02-04,17450.0
2023-02-05,17750.0
2023-02-06,18450.0
2023-02-07,18325.0
2023-02-08,18200.0
2023-02-09,18225.0
2023-02-10,18250.0
2023-02-11,19000.0
2023-02-12,18869.444444444445
2023-02-13,18738.88888888889
2023-02-14,18608.333333333332
2023-02-15,18477.777777777777
2023-02-16,18347.222222222223
2023-02-17,18216.666666666668
2023-02-18,18086.11111111111
2023-02-19,17955.555555555555
2023-02-20,17825.0
2023-02-21,17694.444444444445
2023-02-22,17563.88888888889
2023-02-23,17433.333333333332
2023-02-24,17302.777777777777
2023-02-25,17172.222222222223
2023-02-26,17041.666666666668
2023-02-27,16911.11111111111
2023-02-28,16780.555555555555
2023-03-01,16650.0
2023-03-02,17000.0
2023-03-03,17150.0
2023-03-04,17450.0
2023-03-05,17750.0
2023-03-06,18125.0
2023-03-07,18500.0
2023-03-08,18200.0
2023-03-09,18225.0
2023-03-10,18250.0
2023-03-11,19000.0
2023-03-12,18888.095238095237
2023-03-13,18776.190476190477
2023-03-14,18664.285714285714
2023-03-15,18552.380952380954
2023-03-16,18440.47619047619
2023-03-17,18328.571428571428
2023-03-18,18216.666666666668
2023-03-19,18104.761904761905
2023-03-20,17992.85714285714
2023-03-21,17880.95238095238
2023-03-22,17769.04761904762
2023-03-23,17657.14285714286
2023-03-24,17545.238095238095
2023-03-25,17433.333333333332
2023-03-26,17321.428571428572
2023-03-27,17209.52380952381
2023-03-28,17097.619047619046
2023-03-29,16985.714285714286
2023-03-30,16873.809523809523
2023-03-31,16761.904761904763
2023-04-01,16650.0
2023-04-02,16900.0
2023-04-03,17150.0
2023-04-04,17400.0
2023-04-05,17750.0
2023-04-06,18125.0
2023-04-07,18500.0
2023-04-08,18200.0
2023-04-09,18000.0
2023-04-10,18300.0
2023-04-11,18600.0
2023-04-12,18900.0
2023-04-13,18784.21052631579
2023-04-14,18668.42105263158
2023-04-15,18552.63157894737
2023-04-16,18436.842105263157
2023-04-17,18321.052631578947
2023-04-18,18205.263157894737
2023-04-19,18089.473684210527
2023-04-20,17973.684210526317
2023-04-21,17857.894736842107
2023-04-22,17742.105263157893
2023-04-23,17626.315789473683
2023-04-24,17510.526315789473
2023-04-25,17394.736842105263
2023-04-26,17278.947368421053
2023-04-27,17163.157894736843
2023-04-28,17047.36842105263
2023-04-29,16931.57894736842
2023-04-30,16815.78947368421
2023-05-01,16700.0
2023-05-02,16950.0
2023-05-03,17200.0
2023-05-04,17450.0
2023-05-05,17750.0
2023-05-06,18450.0
2023-05-07,18500.0
2023-05-08,18275.0
2023-05-09,18050.0
2023-05-10,18300.0
2023-05-11,18575.0
2023-05-12,18850.0
2023-05-13,18742.5
2023-05-14,18635.0
2023-05-15,18527.5
2023-05-16,18420.0
2023-05-17,18312.5
2023-05-18,18205.0
2023-05-19,18097.5
2023-05-20,17990.0
2023-05-21,17882.5
2023-05-22,17775.0
2023-05-23,17667.5
2023-05-24,17560.0
2023-05-25,17452.5
2023-05-26,17345.0
2023-05-27,17237.5
2023-05-28,17130.0
2023-05-29,17022.5
2023-05-30,16915.0
2023-05-31,16807.5
2023-06-01,16700.0
2023-06-02,17050.0
2023-06-03,17200.0
2023-06-04,17350.0
2023-06-05,17900.0
2023-06-06,18450.0
2023-06-07,18500.0
2023-06-08,18275.0
2023-06-09,18050.0
2023-06-10,18450.0
2023-06-11,19000.0
2023-06-12,18850.0
2023-06-13,18760.0
2023-06-14,18670.0
2023-06-15,18580.0
2023-06-16,18490.0
2023-06-17,18400.0
2023-06-18,18310.0
2023-06-19,18220.0
2023-06-20,18130.0
2023-06-21,18040.0
2023-06-22,17950.0
2023-06-23,17860.0
2023-06-24,17770.0
2023-06-25,17680.0
2023-06-26,17590.0
2023-06-27,17500.0
2023-06-28,17410.0
2023-06-29,17320.0
2023-06-30,17230.0
2023-07-01,17140.0
2023-07-02,17050.0
2023-07-03,17200.0
2023-07-04,17616.666666666668
2023-07-05,18033.333333333332
2023-07-06,18450.0
2023-07-07,18500.0
2023-07-08,18150.0
2023-07-09,18050.0
2023-07-10,18525.0
2023-07-11,19000.0
2023-07-12,18850.0
2023-07-13,18764.285714285714
2023-07-14,18678.571428571428
2023-07-15,18592.85714285714
2023-07-16,18507.14285714286
2023-07-17,18421.428571428572
2023-07-18,18335.714285714286
2023-07-19,18250.0
2023-07-20,18164.285714285714
2023-07-21,18078.571428571428
2023-07-22,17992.85714285714
2023-07-23,17907.14285714286
2023-07-24,17821.428571428572
2023-07-25,17735.714285714286
2023-07-26,17650.0
2023-07-27,17564.285714285714
2023-07-28,17478.571428571428
2023-07-29,17392.85714285714
2023-07-30,17307.14285714286
2023-07-31,17221.428571428572
2023-08-01,17135.714285714286
2023-08-02,17050.0
2023-08-03,17200.0
2023-08-04,17475.0
2023-08-05,17750.0
2023-08-06,18450.0
2023-08-07,18250.0
2023-08-08,18050.0
2023-08-09,18150.0
2023-08-10,18575.0
2023-08-11,19000.0
2023-08-12,18850.0
2023-08-13,18742.5
2023-08-14,18635.0
2023-08-15,18527.5
2023-08-16,18420.0
2023-08-17,18312.5
2023-08-18,18205.0
2023-08-19,18097.5
2023-08-20,17990.0
2023-08-21,17882.5
2023-08-22,17775.0
2023-08-23,17667.5
2023-08-24,17560.0
2023-08-25,17452.5
2023-08-26,17345.0
2023-08-27,17237.5
2023-08-28,17130.0
2023-08-29,17022.5
2023-08-30,16915.0
2023-08-31,16807.5
2023-09-01,16700.0
2023-09-02,17050.0
2023-09-03,17200.0
2023-09-04,17475.0
2023-09-05,17750.0
2023-09-06,18450.0
2023-09-07,18250.0
2023-09-08,18050.0
2023-09-09,18300.0
2023-09-10,18550.0
2023-09-11,19000.0
2023-09-12,18885.0
2023-09-13,18770.0
2023-09-14,18655.0
2023-09-15,18540.0
2023-09-16,18425.0
2023-09-17,18310.0
2023-09-18,18195.0
2023-09-19,18080.0
2023-09-20,17965.0
2023-09-21,17850.0
2023-09-22,17735.0
2023-09-23,17620.0
2023-09-24,17505.0
2023-09-25,17390.0
2023-09-26,17275.0
2023-09-27,17160.0
2023-09-28,17045.0
2023-09-29,16930.0
2023-09-30,16815.0
2023-10-01,16700.0
2023-10-02,17050.0
2023-10-03,17200.0
2023-10-04,17550.0
2023-10-05,17750.0
2023-10-06,18125.0
2023-10-07,18500.0
2023-10-08,18050.0
2023-10-09,18375.0
2023-10-10,18700.0
2023-10-11,19000.0
2023-10-12,18890.47619047619
2023-10-13,18780.95238095238
2023-10-14,18671.428571428572
2023-10-15,18561.904761904763
2023-10-16,18452.380952380954
2023-10-17,18342.85714285714
2023-10-18,18233.333333333332
2023-10-19,18123.809523809523
2023-10-20,18014.285714285714
2023-10-21,17904.761904761905
2023-10-22,17795.238095238095
2023-10-23,17685.714285714286
2023-10-24,17576.190476190477
2023-10-25,17466.666666666668
2023-10-26,17357.14285714286
2023-10-27,17247.619047619046
2023-10-28,17138.095238095237
2023-10-29,17028.571428571428
2023-10-30,16919.04761904762
2023-10-31,16809.52380952381
2023-11-01,16700.0
2023-11-02,17000.0
2023-11-03,17300.0
2023-11-04,17600.0
2023-11-05,17750.0
2023-11-06,18125.0
2023-11-07,18500.0
2023-11-08,18050.0
2023-11-09,18150.0
2023-11-10,18750.0
2023-11-11,18775.0
2023-11-12,18800.0
2023-11-13,18689.473684210527
2023-11-14,18578.947368421053
2023-11-15,18468.42105263158
2023-11-16,18357.894736842107
2023-11-17,18247.36842105263
2023-11-18,18136.842105263157
2023-11-19,18026.315789473683
2023-11-20,17915.78947368421
2023-11-21,17805.263157894737
2023-11-22,17694.736842105263
2023-11-23,17584.21052631579
2023-11-24,17473.684210526317
2023-11-25,17363.157894736843
2023-11-26,17252.631578947367
2023-11-27,17142.105263157893
2023-11-28,17031.57894736842
2023-11-29,16921.052631578947
2023-11-30,16810.526315789473
2023-12-01,16700.0
2023-12-02,17000.0
2023-12-03,17300.0
2023-12-04,17600.0
2023-12-05,17750.0
2023-12-06,18450.0
2023-12-07,18500.0
2023-12-08,18325.0
2023-12-09,18150.0
2023-12-10,18800.0
2023-12-11,18800.0
2023-12-12,18800.0
2023-12-13,18800.0
2023-12-14,18800.0
2023-12-15,18800.0
2023-12-16,18800.0
2023-12-17,18800.0
2023-12-18,18800.0
2023-12-19,18800.0
2023-12-20,18800.0
2023-12-21,18800.0
2023-12-22,18800.0
2023-12-23,18800.0
2023-12-24,18800.0
2023-12-25,18800.0
2023-12-26,18800.0
2023-12-27,18800.0
2023-12-28,18800.0
2023-12-29,18800.0
2023-12-30,18800.0
2023-12-31,18800.0
2024-01-01,18800.0
2024-01-02,18800.0
2024-01-03,19500.0
2024-01-04,19550.0
2024-01-05,18950.0
2024-01-06,18950.0
2024-01-07,18950.0
2024-01-08,19050.0
2024-01-09,18700.0
2024-01-10,18350.0
2024-01-11,18100.0
2024-01-12,18133.333333333332
2024-01-13,18166.666666666668
2024-01-14,18200.0
2024-01-15,18233.333333333332
2024-01-16,18266.666666666668
2024-01-17,18300.0
2024-01-18,18333.333333333332
2024-01-19,18366.666666666668
2024-01-20,18400.0
2024-01-21,18433.333333333332
2024-01-22,18466.666666666668
2024-01-23,18500.0
2024-01-24,18533.333333333332
2024-01-25,18566.666666666668
2024-01-26,18600.0
2024-01-27,18633.333333333332
2024-01-28,18666.666666666668
2024-01-29,18700.0
2024-01-30,18733.333333333332
2024-01-31,18766.666666666668
2024-02-01,18800.0
2024-02-02,18800.0
2024-02-03,19175.0
2024-02-04,19550.0
2024-02-05,19450.0
2024-02-06,19200.0
2024-02-07,18950.0
2024-02-08,19050.0
2024-02-09,19050.0
2024-02-10,18350.0
2024-02-11,18250.0
2024-02-12,18150.0
2024-02-13,18186.11111111111
2024-02-14,18222.222222222223
2024-02-15,18258.333333333332
2024-02-16,18294.444444444445
2024-02-17,18330.555555555555
2024-02-18,18366.666666666668
2024-02-19,18402.777777777777
2024-02-20,18438.88888888889
2024-02-21,18475.0
2024-02-22,18511.11111111111
2024-02-23,18547.222222222223
2024-02-24,18583.333333333332
2024-02-25,18619.444444444445
2024-02-26,18655.555555555555
2024-02-27,18691.666666666668
2024-02-28,18727.777777777777
2024-02-29,18763.88888888889
2024-03-01,18800.0
2024-03-02,19050.0
2024-03-03,19300.0
2024-03-04,19550.0
2024-03-05,19300.0
2024-03-06,19150.0
2024-03-07,18950.0
2024-03-08,19000.0
2024-03-09,19050.0
2024-03-10,18350.0
2024-03-11,18250.0
2024-03-12,18150.0
2024-03-13,18182.5
2024-03-14,18215.0
2024-03-15,18247.5
2024-03-16,18280.0
2024-03-17,18312.5
2024-03-18,18345.0
2024-03-19,18377.5
2024-03-20,18410.0
2024-03-21,18442.5
2024-03-22,18475.0
2024-03-23,18507.5
2024-03-24,18540.0
2024-03-25,18572.5
2024-03-26,18605.0
2024-03-27,18637.5
2024-03-28,18670.0
2024-03-29,18702.5
2024-03-30,18735.0
2024-03-31,18767.5
2024-04-01,18800.0
2024-04-02,19150.0
2024-04-03,19500.0
2024-04-04,19600.0
2024-04-05,19375.0
2024-04-06,19150.0
2024-04-07,18950.0
2024-04-08,18925.0
2024-04-09,18900.0
2024-04-10,18350.0
2024-04-11,18100.0
2024-04-12,18150.0
2024-04-13,18184.21052631579
2024-04-14,18218.42105263158
2024-04-15,18252.63157894737
2024-04-16,18286.842105263157
2024-04-17,18321.052631578947
2024-04-18,18355.263157894737
2024-04-19,18389.473684210527
2024-04-20,18423.684210526317
2024-04-21,18457.894736842107
2024-04-22,18492.105263157893
2024-04-23,18526.315789473683
2024-04-24,18560.526315789473
2024-04-25,18594.736842105263
2024-04-26,18628.947368421053
2024-04-27,18663.157894736843
2024-04-28,18697.36842105263
2024-04-29,18731.57894736842
2024-04-30,18765.78947368421
2024-05-01,18800.0
2024-05-02,18900.0
2024-05-03,19500.0
2024-05-04,19550.0
2024-05-05,19350.0
2024-05-06,19150.0
2024-05-07,18950.0
2024-05-08,19050.0
2024-05-09,18900.0
2024-05-10,18500.0
2024-05-11,18100.0
2024-05-12,18150.0
2024-05-13,18185.714285714286
2024-05-14,18221.428571428572
2024-05-15,18257.14285714286
2024-05-16,18292.85714285714
2024-05-17,18328.571428571428
2024-05-18,18364.285714285714
2024-05-19,18400.0
2024-05-20,18435.714285714286
2024-05-21,18471.428571428572
2024-05-22,18507.14285714286
2024-05-23,18542.85714285714
2024-05-24,18578.571428571428
2024-05-25,18614.285714285714
2024-05-26,18650.0
2024-05-27,18685.714285714286
2024-05-28,18721.428571428572
2024-05-29,18757.14285714286
2024-05-30,18792.85714285714
2024-05-31,18828.571428571428
2024-06-01,18864.285714285714
2024-06-02,18900.0
2024-06-03,19550.0
2024-06-04,19425.0
2024-06-05,19300.0
2024-06-06,19150.0
2024-06-07,19100.0
2024-06-08,19050.0
2024-06-09,18900.0
2024-06-10,18500.0
2024-06-11,18100.0
2024-06-12,18150.0
2024-06-13,18187.5
2024-06-14,18225.0
2024-06-15,18262.5
2024-06-16,18300.0
2024-06-17,18337.5
2024-06-18,18375.0
2024-06-19,18412.5
2024-06-20,18450.0
2024-06-21,18487.5
2024-06-22,18525.0
2024-06-23,18562.5
2024-06-24,18600.0
2024-06-25,18637.5
2024-06-26,18675.0
2024-06-27,18712.5
2024-06-28,18750.0
2024-06-29,18787.5
2024-06-30,18825.0
2024-07-01,18862.5
2024-07-02,18900.0
2024-07-03,19550.0
2024-07-04,19425.0
2024-07-05,19300.0
2024-07-06,19150.0
2024-07-07,19100.0
2024-07-08,19050.0
2024-07-09,18700.0
2024-07-10,18350.0
2024-07-11,18100.0
2024-07-12,18133.333333333332
2024-07-13,18166.666666666668
2024-07-14,18200.0
2024-07-15,18233.333333333332
2024-07-16,18266.666666666668
2024-07-17,18300.0
2024-07-18,18333.333333333332
2024-07-19,18366.666666666668
2024-07-20,18400.0
2024-07-21,18433.333333333332
2024-07-22,18466.666666666668
2024-07-23,18500.0
2024-07-24,18533.333333333332
2024-07-25,18566.666666666668
2024-07-26,18600.0
2024-07-27,18633.333333333332
2024-07-28,18666.666666666668
2024-07-29,18700.0
2024-07-30,18733.333333333332
2024-07-31,18766.666666666668
2024-08-01,18800.0
2024-08-02,18900.0
2024-08-03,19500.0
2024-08-04,19600.0
2024-08-05,19300.0
2024-08-06,19125.0
2024-08-07,18950.0
2024-08-08,19050.0
2024-08-09,18700.0
2024-08-10,18350.0
2024-08-11,18100.0
2024-08-12,18133.333333333332
2024-08-13,18166.666666666668
2024-08-14,18200.0
2024-08-15,18233.333333333332
2024-08-16,18266.666666666668
2024-08-17,18300.0
2024-08-18,18333.333333333332
2024-08-19,18366.666666666668
2024-08-20,18400.0
2024-08-21,18433.333333333332
2024-08-22,18466.666666666668
2024-08-23,18500.0
2024-08-24,18533.333333333332
2024-08-25,18566.666666666668
2024-08-26,18600.0
2024-08-27,18633.333333333332
2024-08-28,18666.666666666668
2024-08-29,18700.0
2024-08-30,18733.333333333332
2024-08-31,18766.666666666668
2024-09-01,18800.0
2024-09-02,18900.0
2024-09-03,19250.0
2024-09-04,19600.0
2024-09-05,19300.0
2024-09-06,19125.0
2024-09-07,18950.0
2024-09-08,19050.0
2024-09-09,18850.0
2024-09-10,18350.0
2024-09-11,18250.0
2024-09-12,18150.0
2024-09-13,18184.21052631579
2024-09-14,18218.42105263158
2024-09-15,18252.63157894737
2024-09-16,18286.842105263157
2024-09-17,18321.052631578947
2024-09-18,18355.263157894737
2024-09-19,18389.473684210527
2024-09-20,18423.684210526317
2024-09-21,18457.894736842107
2024-09-22,18492.105263157893
2024-09-23,18526.315789473683
2024-09-24,18560.526315789473
2024-09-25,18594.736842105263
2024-09-26,18628.947368421053
2024-09-27,18663.157894736843
2024-09-28,18697.36842105263
2024-09-29,18731.57894736842
2024-09-30,18765.78947368421
2024-10-01,18800.0
2024-10-02,19133.333333333332
2024-10-03,19466.666666666668
2024-10-04,19800.0
2024-10-05,19300.0
2024-10-06,19150.0
2024-10-07,18950.0
2024-10-08,18900.0
2024-10-09,18850.0
2024-10-10,18600.0
2024-10-11,18350.0
2024-10-12,18100.0
2024-10-13,18135.0
2024-10-14,18170.0
2024-10-15,18205.0
2024-10-16,18240.0
2024-10-17,18275.0
2024-10-18,18310.0
2024-10-19,18345.0
2024-10-20,18380.0
2024-10-21,18415.0
2024-10-22,18450.0
2024-10-23,18485.0
2024-10-24,18520.0
2024-10-25,18555.0
2024-10-26,18590.0
2024-10-27,18625.0
2024-10-28,18660.0
2024-10-29,18695.0
2024-10-30,18730.0
2024-10-31,18765.0
2024-11-01,18800.0
2024-11-02,19150.0
2024-11-03,19500.0
2024-11-04,19600.0
2024-11-05,19375.0
2024-11-06,19150.0
2024-11-07,18950.0
2024-11-08,18900.0
2024-11-09,18850.0
2024-11-10,18350.0
2024-11-11,18100.0
2024-11-12,18100.0
2024-11-13,18136.842105263157
2024-11-14,18173.684210526317
2024-11-15,18210.526315789473
2024-11-16,18247.36842105263
2024-11-17,18284.21052631579
2024-11-18,18321.052631578947
2024-11-19,18357.894736842107
2024-11-20,18394.736842105263
2024-11-21,18431.57894736842
2024-11-22,18468.42105263158
2024-11-23,18505.263157894737
2024-11-24,18542.105263157893
2024-11-25,18578.947368421053
2024-11-26,18615.78947368421
2024-11-27,18652.63157894737
2024-11-28,18689.473684210527
2024-11-29,18726.315789473683
2024-11-30,18763.157894736843
2024-12-01,18800.0
2024-12-02,18900.0
2024-12-03,19500.0
2024-12-04,19600.0
2024-12-05,19375.0
2024-12-06,19150.0
2024-12-07,18950.0
2024-12-08,19050.0
2024-12-09,18850.0
2024-12-10,18450.0
2024-12-11,18050.0
2024-12-12,18100.0
2024-12-13,18100.0
2024-12-14,18100.0
2024-12-15,18100.0
2024-12-16,18100.0
2024-12-17,18100.0
2024-12-18,18100.0
2024-12-19,18100.0
2024-12-20,18100.0
2024-12-21,18100.0
2024-12-22,18100.0
2024-12-23,18100.0
2024-12-24,18100.0
2024-12-25,18100.0
2024-12-26,18100.0
2024-12-27,18100.0
2024-12-28,18100.0
2024-12-29,18100.0
2024-12-30,18100.0
2024-12-31,18100.0
2025-01-01,18100.0
2025-01-02,17950.0
2025-01-03,17800.0
2025-01-04,17650.0
2025-01-05,17500.0
2025-01-06,17500.0
2025-01-07,17500.0
2025-01-08,17550.0
2025-01-09,17400.0
2025-01-10,17430.434782608696
2025-01-11,17460.869565217392
2025-01-12,17491.304347826088
2025-01-13,17521.739130434784
2025-01-14,17552.17391304348
2025-01-15,17582.608695652172
2025-01-16,17613.043478260868
2025-01-17,17643.478260869564
2025-01-18,17673.91304347826
2025-01-19,17704.347826086956
2025-01-20,17734.782608695652
2025-01-21,17765.217391304348
2025-01-22,17795.652173913044
2025-01-23,17826.08695652174
2025-01-24,17856.521739130436
2025-01-25,17886.956521739132
2025-01-26,17917.391304347824
2025-01-27,17947.82608695652
2025-01-28,17978.260869565216
2025-01-29,18008.695652173912
2025-01-30,18039.130434782608
2025-01-31,18069.565217391304
2025-02-01,18100.0
2025-02-02,17950.0
2025-02-03,17800.0
2025-02-04,17650.0
2025-02-05,17500.0
2025-02-06,17500.0
2025-02-07,17500.0
2025-02-08,17450.0
2025-02-09,17400.0
2025-02-10,17410.0
2025-02-11,17420.0
2025-02-12,17430.0
2025-02-13,17440.0
2025-02-14,17450.0
2025-02-15,17460.0
2025-02-16,17470.0
2025-02-17,17480.0
2025-02-18,17490.0
2025-02-19,17500.0
2025-02-20,17510.0
2025-02-21,17520.0
2025-02-22,17530.0
2025-02-23,17540.0
2025-02-24,17550.0
2025-02-25,17560.0
2025-02-26,17570.0
2025-02-27,17580.0
2025-02-28,17590.0
2025-03-01,17600.0
2025-03-02,17450.0
2025-03-03,17450.0
2025-03-04,17650.0
2025-03-05,17575.0
2025-03-06,17500.0
2025-03-07,17500.0
2025-03-08,17450.0
2025-03-09,17400.0
2025-03-10,17402.083333333332
2025-03-11,17404.166666666668
2025-03-12,17406.25
2025-03-13,17408.333333333332
2025-03-14,17410.416666666668
2025-03-15,17412.5
2025-03-16,17414.583333333332
2025-03-17,17416.666666666668
2025-03-18,17418.75
2025-03-19,17420.833333333332
2025-03-20,17422.916666666668
2025-03-21,17425.0
2025-03-22,17427.083333333332
2025-03-23,17429.166666666668
2025-03-24,17431.25
2025-03-25,17433.333333333332
2025-03-26,17435.416666666668
2025-03-27,17437.5
2025-03-28,17439.583333333332
2025-03-29,17441.666666666668
2025-03-30,17443.75
2025-03-31,17445.833333333332
2025-04-01,17447.916666666668
2025-04-02,17450.0
2025-04-03,17450.0
2025-04-04,17650.0
2025-04-05,17575.0
2025-04-06,17500.0
2025-04-07,17500.0
2025-04-08,17550.0
2025-04-09,17400.0
2025-04-10,17402.17391304348
2025-04-11,17404.347826086956
2025-04-12,17406.521739130436
2025-04-13,17408.695652173912
2025-04-14,17410.869565217392
2025-04-15,17413.043478260868
2025-04-16,17415.217391304348
2025-04-17,17417.391304347828
2025-04-18,17419.565217391304
2025-04-19,17421.739130434784
2025-04-20,17423.91304347826
2025-04-21,17426.08695652174
2025-04-22,17428.260869565216
2025-04-23,17430.434782608696
2025-04-24,17432.608695652172
2025-04-25,17434.782608695652
2025-04-26,17436.956521739132
2025-04-27,17439.130434782608
2025-04-28,17441.304347826088
2025-04-29,17443.478260869564
2025-04-30,17445.652173913044
2025-05-01,17447.82608695652
2025-05-02,17450.0
2025-05-03,17450.0
2025-05-04,17475.0
2025-05-05,17500.0
2025-05-06,17500.0
2025-05-07,17525.0
2025-05-08,17550.0
2025-05-09,17400.0
2025-05-10,17408.695652173912
2025-05-11,17417.391304347828
2025-05-12,17426.08695652174
2025-05-13,17434.782608695652
2025-05-14,17443.478260869564
2025-05-15,17452.17391304348
2025-05-16,17460.869565217392
2025-05-17,17469.565217391304
2025-05-18,17478.260869565216
2025-05-19,17486.956521739132
2025-05-20,17495.652173913044
2025-05-21,17504.347826086956
2025-05-22,17513.043478260868
2025-05-23,17521.739130434784
2025-05-24,17530.434782608696
2025-05-25,17539.130434782608
2025-05-26,17547.82608695652
2025-05-27,17556.521739130436
2025-05-28,17565.217391304348
2025-05-29,17573.91304347826
2025-05-30,17582.608695652172
2025-05-31,17591.304347826088
2025-06-01,17600.0
2025-06-02,17450.0
2025-06-03,17450.0
2025-06-04,17475.0
2025-06-05,17500.0
2025-06-06,17500.0
2025-06-07,17525.0
2025-06-08,17550.0
2025-06-09,17552.17391304348
2025-06-10,17554.347826086956
2025-06-11,17556.521739130436
2025-06-12,17558.695652173912
2025-06-13,17560.869565217392
2025-06-14,17563.043478260868
2025-06-15,17565.217391304348
2025-06-16,17567.391304347828
2025-06-17,17569.565217391304
2025-06-18,17571.739130434784
2025-06-19,17573.91304347826
2025-06-20,17576.08695652174
2025-06-21,17578.260869565216
2025-06-22,17580.434782608696
2025-06-23,17582.608695652172
2025-06-24,17584.782608695652
2025-06-25,17586.956521739132
2025-06-26,17589.130434782608
2025-06-27,17591.304347826088
2025-06-28,17593.478260869564
2025-06-29,17595.652173913044
2025-06-30,17597.82608695652
2025-07-01,17600.0
2025-07-02,17450.0
2025-07-03,17450.0
2025-07-04,17650.0
2025-07-05,17500.0
2025-07-06,17500.0
2025-07-07,17500.0
2025-07-08,17550.0
2025-07-09,17552.083333333332
2025-07-10,17554.166666666668
2025-07-11,17556.25
2025-07-12,17558.333333333332
2025-07-13,17560.416666666668
2025-07-14,17562.5
2025-07-15,17564.583333333332
2025-07-16,17566.666666666668
2025-07-17,17568.75
2025-07-18,17570.833333333332
2025-07-19,17572.916666666668
2025-07-20,17575.0
2025-07-21,17577.083333333332
2025-07-22,17579.166666666668
2025-07-23,17581.25
2025-07-24,17583.333333333332
2025-07-25,17585.416666666668
2025-07-26,17587.5
2025-07-27,17589.583333333332
2025-07-28,17591.666666666668
2025-07-29,17593.75
2025-07-30,17595.833333333332
2025-07-31,17597.916666666668
2025-08-01,17600.0
2025-08-02,17616.666666666668
2025-08-03,17633.333333333332
2025-08-04,17650.0
2025-08-05,17500.0
2025-08-06,17500.0
2025-08-07,17500.0
2025-08-08,17500.0
2025-08-09,17400.0
2025-08-10,17408.695652173912
2025-08-11,17417.391304347828
2025-08-12,17426.08695652174
2025-08-13,17434.782608695652
2025-08-14,17443.478260869564
2025-08-15,17452.17391304348
2025-08-16,17460.869565217392
2025-08-17,17469.565217391304
2025-08-18,17478.260869565216
2025-08-19,17486.956521739132
2025-08-20,17495.652173913044
2025-08-21,17504.347826086956
2025-08-22,17513.043478260868
2025-08-23,17521.739130434784
2025-08-24,17530.434782608696
2025-08-25,17539.130434782608
2025-08-26,17547.82608695652
2025-08-27,17556.521739130436
2025-08-28,17565.217391304348
2025-08-29,17573.91304347826
2025-08-30,17582.608695652172
2025-08-31,17591.304347826088
2025-09-01,17600.0
2025-09-02,17600.0
2025-09-03,17600.0
2025-09-04,17600.0
2025-09-05,17500.0
2025-09-06,17500.0
2025-09-07,17500.0
2025-09-08,17450.0
2025-09-09,17400.0
2025-09-10,17409.090909090908
2025-09-11,17418.18181818182
2025-09-12,17427.272727272728
2025-09-13,17436.363636363636
2025-09-14,17445.454545454544
2025-09-15,17454.545454545456
2025-09-16,17463.636363636364
2025-09-17,17472.727272727272
2025-09-18,17481.81818181818
2025-09-19,17490.909090909092
2025-09-20,17500.0
2025-09-21,17509.090909090908
2025-09-22,17518.18181818182
2025-09-23,17527.272727272728
2025-09-24,17536.363636363636
2025-09-25,17545.454545454544
2025-09-26,17554.545454545456
2025-09-27,17563.636363636364
2025-09-28,17572.727272727272
2025-09-29,17581.81818181818
2025-09-30,17590.909090909092
2025-10-01,17600.0
