date,harga_beras_nasional
2017-01-05,9600.0
2017-01-06,9800.0
2017-01-07,10475.0
2017-01-08,11150.0
2017-01-09,11216.666666666666
2017-01-10,11283.333333333334
2017-01-11,11350.0
2017-01-12,10700.0
2017-01-13,10725.0
2017-01-14,10750.0
2017-01-15,10775.0
2017-01-16,10800.0
2017-01-17,10825.0
2017-01-18,10850.0
2017-01-19,10875.0
2017-01-20,10900.0
2017-01-21,10925.0
2017-01-22,10950.0
2017-01-23,10975.0
2017-01-24,11000.0
2017-01-25,11025.0
2017-01-26,11050.0
2017-01-27,11075.0
2017-01-28,11100.0
2017-01-29,11125.0
2017-01-30,11150.0
2017-01-31,11175.0
2017-02-01,11200.0
2017-02-02,11225.0
2017-02-03,11250.0
2017-02-04,11275.0
2017-02-05,11300.0
2017-02-06,11350.0
2017-02-07,11250.0
2017-02-08,11150.0
2017-02-09,11225.0
2017-02-10,11300.0
2017-02-11,11350.0
2017-02-12,11361.904761904761
2017-02-13,11373.809523809523
2017-02-14,11385.714285714286
2017-02-15,11397.619047619048
2017-02-16,11409.52380952381
2017-02-17,11421.42857142857
2017-02-18,11433.333333333334
2017-02-19,11445.238095238095
2017-02-20,11457.142857142857
2017-02-21,11469.047619047618
2017-02-22,11480.952380952382
2017-02-23,11492.857142857143
2017-02-24,11504.761904761905
2017-02-25,11516.666666666666
2017-02-26,11528.57142857143
2017-02-27,11540.47619047619
2017-02-28,11552.380952380952
2017-03-01,11564.285714285714
2017-03-02,11576.190476190477
2017-03-03,11588.095238095239
2017-03-04,11600.0
2017-03-05,11250.0
2017-03-06,11300.0
2017-03-07,11350.0
2017-03-08,11150.0
2017-03-09,11225.0
2017-03-10,11300.0
2017-03-11,11350.0
2017-03-12,11339.583333333334
2017-03-13,11329.166666666666
2017-03-14,11318.75
2017-03-15,11308.333333333334
2017-03-16,11297.916666666666
2017-03-17,11287.5
2017-03-18,11277.083333333334
2017-03-19,11266.666666666666
2017-03-20,11256.25
2017-03-21,11245.833333333334
2017-03-22,11235.416666666666
2017-03-23,11225.0
2017-03-24,11214.583333333334
2017-03-25,11204.166666666666
2017-03-26,11193.75
2017-03-27,11183.333333333334
2017-03-28,11172.916666666666
2017-03-29,11162.5
2017-03-30,11152.083333333334
2017-03-31,11141.666666666666
2017-04-01,11131.25
2017-04-02,11120.833333333334
2017-04-03,11110.416666666666
2017-04-04,11100.0
2017-04-05,11300.0
2017-04-06,11200.0
2017-04-07,11100.0
2017-04-08,11250.0
2017-04-09,11200.0
2017-04-10,11300.0
2017-04-11,11350.0
2017-04-12,11400.0
2017-04-13,11397.727272727272
2017-04-14,11395.454545454546
2017-04-15,11393.181818181818
2017-04-16,11390.90909090909
2017-04-17,11388.636363636364
2017-04-18,11386.363636363636
2017-04-19,11384.09090909091
2017-04-20,11381.818181818182
2017-04-21,11379.545454545454
2017-04-22,11377.272727272728
2017-04-23,11375.0
2017-04-24,11372.727272727272
2017-04-25,11370.454545454546
2017-04-26,11368.181818181818
2017-04-27,11365.90909090909
2017-04-28,11363.636363636364
2017-04-29,11361.363636363636
2017-04-30,11359.09090909091
2017-05-01,11356.818181818182
2017-05-02,11354.545454545454
2017-05-03,11352.272727272728
2017-05-04,11350.0
2017-05-05,11300.0
2017-05-06,11350.0
2017-05-07,11150.0
2017-05-08,11200.0
2017-05-09,11250.0
2017-05-10,11300.0
2017-05-11,11350.0
2017-05-12,11400.0
2017-05-13,11391.304347826086
2017-05-14,11382.608695652174
2017-05-15,11373.91304347826
2017-05-16,11365.217391304348
2017-05-17,11356.521739130434
2017-05-18,11347.826086956522
2017-05-19,11339.130434782608
2017-05-20,11330.434782608696
2017-05-21,11321.739130434782
2017-05-22,11313.04347826087
2017-05-23,11304.347826086956
2017-05-24,11295.652173913044
2017-05-25,11286.95652173913
2017-05-26,11278.260869565218
2017-05-27,11269.565217391304
2017-05-28,11260.869565217392
2017-05-29,11252.173913043478
2017-05-30,11243.478260869566
2017-05-31,11234.782608695652
2017-06-01,11226.08695652174
2017-06-02,11217.391304347826
2017-06-03,11208.695652173914
2017-06-04,11200.0
2017-06-05,11275.0
2017-06-06,11350.0
2017-06-07,11050.0
2017-06-08,11125.0
2017-06-09,11200.0
2017-06-10,11350.0
2017-06-11,11350.0
2017-06-12,11400.0
2017-06-13,11395.454545454546
2017-06-14,11390.90909090909
2017-06-15,11386.363636363636
2017-06-16,11381.818181818182
2017-06-17,11377.272727272728
2017-06-18,11372.727272727272
2017-06-19,11368.181818181818
2017-06-20,11363.636363636364
2017-06-21,11359.09090909091
2017-06-22,11354.545454545454
2017-06-23,11350.0
2017-06-24,11345.454545454546
2017-06-25,11340.90909090909
2017-06-26,11336.363636363636
2017-06-27,11331.818181818182
2017-06-28,11327.272727272728
2017-06-29,11322.727272727272
2017-06-30,11318.181818181818
2017-07-01,11313.636363636364
2017-07-02,11309.09090909091
2017-07-03,11304.545454545454
2017-07-04,11300.0
2017-07-05,11325.0
2017-07-06,11350.0
2017-07-07,11000.0
2017-07-08,11150.0
2017-07-09,11200.0
2017-07-10,11275.0
2017-07-11,11350.0
2017-07-12,11450.0
2017-07-13,11445.833333333334
2017-07-14,11441.666666666666
2017-07-15,11437.5
2017-07-16,11433.333333333334
2017-07-17,11429.166666666666
2017-07-18,11425.0
2017-07-19,11420.833333333334
2017-07-20,11416.666666666666
2017-07-21,11412.5
2017-07-22,11408.333333333334
2017-07-23,11404.166666666666
2017-07-24,11400.0
2017-07-25,11395.833333333334
2017-07-26,11391.666666666666
2017-07-27,11387.5
2017-07-28,11383.333333333334
2017-07-29,11379.166666666666
2017-07-30,11375.0
2017-07-31,11370.833333333334
2017-08-01,11366.666666666666
2017-08-02,11362.5
2017-08-03,11358.333333333334
2017-08-04,11354.166666666666
2017-08-05,11350.0
2017-08-06,10500.0
2017-08-07,10825.0
2017-08-08,11150.0
2017-08-09,11250.0
2017-08-10,11275.0
2017-08-11,11300.0
2017-08-12,11450.0
2017-08-13,11445.833333333334
2017-08-14,11441.666666666666
2017-08-15,11437.5
2017-08-16,11433.333333333334
2017-08-17,11429.166666666666
2017-08-18,11425.0
2017-08-19,11420.833333333334
2017-08-20,11416.666666666666
2017-08-21,11412.5
2017-08-22,11408.333333333334
2017-08-23,11404.166666666666
2017-08-24,11400.0
2017-08-25,11395.833333333334
2017-08-26,11391.666666666666
2017-08-27,11387.5
2017-08-28,11383.333333333334
2017-08-29,11379.166666666666
2017-08-30,11375.0
2017-08-31,11370.833333333334
2017-09-01,11366.666666666666
2017-09-02,11362.5
2017-09-03,11358.333333333334
2017-09-04,11354.166666666666
2017-09-05,11350.0
2017-09-06,11350.0
2017-09-07,11250.0
2017-09-08,11150.0
2017-09-09,11250.0
2017-09-10,11350.0
2017-09-11,11300.0
2017-09-12,11295.652173913044
2017-09-13,11291.304347826086
2017-09-14,11286.95652173913
2017-09-15,11282.608695652174
2017-09-16,11278.260869565218
2017-09-17,11273.91304347826
2017-09-18,11269.565217391304
2017-09-19,11265.217391304348
2017-09-20,11260.869565217392
2017-09-21,11256.521739130434
2017-09-22,11252.173913043478
2017-09-23,11247.826086956522
2017-09-24,11243.478260869566
2017-09-25,11239.130434782608
2017-09-26,11234.782608695652
2017-09-27,11230.434782608696
2017-09-28,11226.08695652174
2017-09-29,11221.739130434782
2017-09-30,11217.391304347826
2017-10-01,11213.04347826087
2017-10-02,11208.695652173914
2017-10-03,11204.347826086956
2017-10-04,11200.0
2017-10-05,11350.0
2017-10-06,11225.0
2017-10-07,11100.0
2017-10-08,11150.0
2017-10-09,11250.0
2017-10-10,11350.0
2017-10-11,11350.0
2017-10-12,11341.666666666666
2017-10-13,11333.333333333334
2017-10-14,11325.0
2017-10-15,11316.666666666666
2017-10-16,11308.333333333334
2017-10-17,11300.0
2017-10-18,11291.666666666666
2017-10-19,11283.333333333334
2017-10-20,11275.0
2017-10-21,11266.666666666666
2017-10-22,11258.333333333334
2017-10-23,11250.0
2017-10-24,11241.666666666666
2017-10-25,11233.333333333334
2017-10-26,11225.0
2017-10-27,11216.666666666666
2017-10-28,11208.333333333334
2017-10-29,11200.0
2017-10-30,11191.666666666666
2017-10-31,11183.333333333334
2017-11-01,11175.0
2017-11-02,11166.666666666666
2017-11-03,11158.333333333334
2017-11-04,11150.0
2017-11-05,9700.0
2017-11-06,10350.0
2017-11-07,11000.0
2017-11-08,11200.0
2017-11-09,11250.0
2017-11-10,11300.0
2017-11-11,11375.0
2017-11-12,11450.0
2017-11-13,11445.454545454546
2017-11-14,11440.90909090909
2017-11-15,11436.363636363636
2017-11-16,11431.818181818182
2017-11-17,11427.272727272728
2017-11-18,11422.727272727272
2017-11-19,11418.181818181818
2017-11-20,11413.636363636364
2017-11-21,11409.09090909091
2017-11-22,11404.545454545454
2017-11-23,11400.0
2017-11-24,11395.454545454546
2017-11-25,11390.90909090909
2017-11-26,11386.363636363636
2017-11-27,11381.818181818182
2017-11-28,11377.272727272728
2017-11-29,11372.727272727272
2017-11-30,11368.181818181818
2017-12-01,11363.636363636364
2017-12-02,11359.09090909091
2017-12-03,11354.545454545454
2017-12-04,11350.0
2017-12-05,11350.0
2017-12-06,11300.0
2017-12-07,11050.0
2017-12-08,11150.0
2017-12-09,11250.0
2017-12-10,11300.0
2017-12-11,11375.0
2017-12-12,11450.0
2017-12-13,11430.0
2017-12-14,11410.0
2017-12-15,11390.0
2017-12-16,11370.0
2017-12-17,11350.0
2017-12-18,11330.0
2017-12-19,11310.0
2017-12-20,11290.0
2017-12-21,11270.0
2017-12-22,11250.0
2017-12-23,11230.0
2017-12-24,11210.0
2017-12-25,11190.0
2017-12-26,11170.0
2017-12-27,11150.0
2017-12-28,11130.0
2017-12-29,11110.0
2017-12-30,11090.0
2017-12-31,11070.0
2018-01-01,11050.0
2018-01-02,12050.0
2018-01-03,11950.0
2018-01-04,11325.0
2018-01-05,10700.0
2018-01-06,11016.666666666666
2018-01-07,11333.333333333334
2018-01-08,11650.0
2018-01-09,11650.0
2018-01-10,11650.0
2018-01-11,11700.0
2018-01-12,11700.0
2018-01-13,11700.0
2018-01-14,11700.0
2018-01-15,11700.0
2018-01-16,11700.0
2018-01-17,11700.0
2018-01-18,11700.0
2018-01-19,11700.0
2018-01-20,11700.0
2018-01-21,11700.0
2018-01-22,11700.0
2018-01-23,11700.0
2018-01-24,11700.0
2018-01-25,11700.0
2018-01-26,11700.0
2018-01-27,11700.0
2018-01-28,11700.0
2018-01-29,11700.0
2018-01-30,11700.0
2018-01-31,11700.0
2018-02-01,11700.0
2018-02-02,12050.0
2018-02-03,11950.0
2018-02-04,11850.0
2018-02-05,11700.0
2018-02-06,11675.0
2018-02-07,11650.0
2018-02-08,11650.0
2018-02-09,11650.0
2018-02-10,11650.0
2018-02-11,11700.0
2018-02-12,11700.0
2018-02-13,11700.0
2018-02-14,11700.0
2018-02-15,11700.0
2018-02-16,11700.0
2018-02-17,11700.0
2018-02-18,11700.0
2018-02-19,11700.0
2018-02-20,11700.0
2018-02-21,11700.0
2018-02-22,11700.0
2018-02-23,11700.0
2018-02-24,11700.0
2018-02-25,11700.0
2018-02-26,11700.0
2018-02-27,11700.0
2018-02-28,11700.0
2018-03-01,11700.0
2018-03-02,11733.333333333334
2018-03-03,11766.666666666666
2018-03-04,11800.0
2018-03-05,11700.0
2018-03-06,11675.0
2018-03-07,11650.0
2018-03-08,11650.0
2018-03-09,11650.0
2018-03-10,11650.0
2018-03-11,11700.0
2018-03-12,11750.0
2018-03-13,11747.5
2018-03-14,11745.0
2018-03-15,11742.5
2018-03-16,11740.0
2018-03-17,11737.5
2018-03-18,11735.0
2018-03-19,11732.5
2018-03-20,11730.0
2018-03-21,11727.5
2018-03-22,11725.0
2018-03-23,11722.5
2018-03-24,11720.0
2018-03-25,11717.5
2018-03-26,11715.0
2018-03-27,11712.5
2018-03-28,11710.0
2018-03-29,11707.5
2018-03-30,11705.0
2018-03-31,11702.5
2018-04-01,11700.0
2018-04-02,11733.333333333334
2018-04-03,11766.666666666666
2018-04-04,11800.0
2018-04-05,11700.0
2018-04-06,11650.0
2018-04-07,11650.0
2018-04-08,11650.0
2018-04-09,11650.0
2018-04-10,11700.0
2018-04-11,11725.0
2018-04-12,11750.0
2018-04-13,11750.0
2018-04-14,11750.0
2018-04-15,11750.0
2018-04-16,11750.0
2018-04-17,11750.0
2018-04-18,11750.0
2018-04-19,11750.0
2018-04-20,11750.0
2018-04-21,11750.0
2018-04-22,11750.0
2018-04-23,11750.0
2018-04-24,11750.0
2018-04-25,11750.0
2018-04-26,11750.0
2018-04-27,11750.0
2018-04-28,11750.0
2018-04-29,11750.0
2018-04-30,11750.0
2018-05-01,11750.0
2018-05-02,12050.0
2018-05-03,11950.0
2018-05-04,11800.0
2018-05-05,11725.0
2018-05-06,11650.0
2018-05-07,11650.0
2018-05-08,11650.0
2018-05-09,11650.0
2018-05-10,11700.0
2018-05-11,11700.0
2018-05-12,11750.0
2018-05-13,11764.285714285714
2018-05-14,11778.57142857143
2018-05-15,11792.857142857143
2018-05-16,11807.142857142857
2018-05-17,11821.42857142857
2018-05-18,11835.714285714286
2018-05-19,11850.0
2018-05-20,11864.285714285714
2018-05-21,11878.57142857143
2018-05-22,11892.857142857143
2018-05-23,11907.142857142857
2018-05-24,11921.42857142857
2018-05-25,11935.714285714286
2018-05-26,11950.0
2018-05-27,11964.285714285714
2018-05-28,11978.57142857143
2018-05-29,11992.857142857143
2018-05-30,12007.142857142857
2018-05-31,12021.42857142857
2018-06-01,12035.714285714286
2018-06-02,12050.0
2018-06-03,11900.0
2018-06-04,11800.0
2018-06-05,11725.0
2018-06-06,11650.0
2018-06-07,11650.0
2018-06-08,11600.0
2018-06-09,11600.0
2018-06-10,11650.0
2018-06-11,11700.0
2018-06-12,11750.0
2018-06-13,11765.0
2018-06-14,11780.0
2018-06-15,11795.0
2018-06-16,11810.0
2018-06-17,11825.0
2018-06-18,11840.0
2018-06-19,11855.0
2018-06-20,11870.0
2018-06-21,11885.0
2018-06-22,11900.0
2018-06-23,11915.0
2018-06-24,11930.0
2018-06-25,11945.0
2018-06-26,11960.0
2018-06-27,11975.0
2018-06-28,11990.0
2018-06-29,12005.0
2018-06-30,12020.0
2018-07-01,12035.0
2018-07-02,12050.0
2018-07-03,11950.0
2018-07-04,11825.0
2018-07-05,11700.0
2018-07-06,11650.0
2018-07-07,11625.0
2018-07-08,11600.0
2018-07-09,11650.0
2018-07-10,11675.0
2018-07-11,11700.0
2018-07-12,11750.0
2018-07-13,11752.5
2018-07-14,11755.0
2018-07-15,11757.5
2018-07-16,11760.0
2018-07-17,11762.5
2018-07-18,11765.0
2018-07-19,11767.5
2018-07-20,11770.0
2018-07-21,11772.5
2018-07-22,11775.0
2018-07-23,11777.5
2018-07-24,11780.0
2018-07-25,11782.5
2018-07-26,11785.0
2018-07-27,11787.5
2018-07-28,11790.0
2018-07-29,11792.5
2018-07-30,11795.0
2018-07-31,11797.5
2018-08-01,11800.0
2018-08-02,12050.0
2018-08-03,11900.0
2018-08-04,11775.0
2018-08-05,11650.0
2018-08-06,11650.0
2018-08-07,11625.0
2018-08-08,11600.0
2018-08-09,11625.0
2018-08-10,11650.0
2018-08-11,11700.0
2018-08-12,11704.761904761905
2018-08-13,11709.52380952381
2018-08-14,11714.285714285714
2018-08-15,11719.047619047618
2018-08-16,11723.809523809523
2018-08-17,11728.57142857143
2018-08-18,11733.333333333334
2018-08-19,11738.095238095239
2018-08-20,11742.857142857143
2018-08-21,11747.619047619048
2018-08-22,11752.380952380952
2018-08-23,11757.142857142857
2018-08-24,11761.904761904761
2018-08-25,11766.666666666666
2018-08-26,11771.42857142857
2018-08-27,11776.190476190477
2018-08-28,11780.952380952382
2018-08-29,11785.714285714286
2018-08-30,11790.47619047619
2018-08-31,11795.238095238095
2018-09-01,11800.0
2018-09-02,12050.0
2018-09-03,11900.0
2018-09-04,11800.0
2018-09-05,11650.0
2018-09-06,11625.0
2018-09-07,11600.0
2018-09-08,11650.0
2018-09-09,11650.0
2018-09-10,11650.0
2018-09-11,11700.0
2018-09-12,11705.0
2018-09-13,11710.0
2018-09-14,11715.0
2018-09-15,11720.0
2018-09-16,11725.0
2018-09-17,11730.0
2018-09-18,11735.0
2018-09-19,11740.0
2018-09-20,11745.0
2018-09-21,11750.0
2018-09-22,11755.0
2018-09-23,11760.0
2018-09-24,11765.0
2018-09-25,11770.0
2018-09-26,11775.0
2018-09-27,11780.0
2018-09-28,11785.0
2018-09-29,11790.0
2018-09-30,11795.0
2018-10-01,11800.0
2018-10-02,11783.333333333334
2018-10-03,11766.666666666666
2018-10-04,11750.0
2018-10-05,10800.0
2018-10-06,11225.0
2018-10-07,11650.0
2018-10-08,11650.0
2018-10-09,11650.0
2018-10-10,11650.0
2018-10-11,11700.0
2018-10-12,11750.0
2018-10-13,11755.0
2018-10-14,11760.0
2018-10-15,11765.0
2018-10-16,11770.0
2018-10-17,11775.0
2018-10-18,11780.0
2018-10-19,11785.0
2018-10-20,11790.0
2018-10-21,11795.0
2018-10-22,11800.0
2018-10-23,11805.0
2018-10-24,11810.0
2018-10-25,11815.0
2018-10-26,11820.0
2018-10-27,11825.0
2018-10-28,11830.0
2018-10-29,11835.0
2018-10-30,11840.0
2018-10-31,11845.0
2018-11-01,11850.0
2018-11-02,11833.333333333334
2018-11-03,11816.666666666666
2018-11-04,11800.0
2018-11-05,11650.0
2018-11-06,11650.0
2018-11-07,11650.0
2018-11-08,11125.0
2018-11-09,10600.0
2018-11-10,11650.0
2018-11-11,11700.0
2018-11-12,11750.0
2018-11-13,11757.894736842105
2018-11-14,11765.78947368421
2018-11-15,11773.684210526315
2018-11-16,11781.578947368422
2018-11-17,11789.473684210527
2018-11-18,11797.368421052632
2018-11-19,11805.263157894737
2018-11-20,11813.157894736842
2018-11-21,11821.052631578947
2018-11-22,11828.947368421053
2018-11-23,11836.842105263158
2018-11-24,11844.736842105263
2018-11-25,11852.631578947368
2018-11-26,11860.526315789473
2018-11-27,11868.421052631578
2018-11-28,11876.315789473685
2018-11-29,11884.21052631579
2018-11-30,11892.105263157895
2018-12-01,11900.0
2018-12-02,12050.0
2018-12-03,11900.0
2018-12-04,11750.0
2018-12-05,11700.0
2018-12-06,11650.0
2018-12-07,11650.0
2018-12-08,11650.0
2018-12-09,11650.0
2018-12-10,11700.0
2018-12-11,11700.0
2018-12-12,11750.0
2018-12-13,11782.5
2018-12-14,11815.0
2018-12-15,11847.5
2018-12-16,11880.0
2018-12-17,11912.5
2018-12-18,11945.0
2018-12-19,11977.5
2018-12-20,12010.0
2018-12-21,12042.5
2018-12-22,12075.0
2018-12-23,12107.5
2018-12-24,12140.0
2018-12-25,12172.5
2018-12-26,12205.0
2018-12-27,12237.5
2018-12-28,12270.0
2018-12-29,12302.5
2018-12-30,12335.0
2018-12-31,12367.5
2019-01-01,12400.0
2019-01-02,11900.0
2019-01-03,11850.0
2019-01-04,11700.0
2019-01-05,11550.0
2019-01-06,11600.0
2019-01-07,11650.0
2019-01-08,11650.0
2019-01-09,11650.0
2019-01-10,11650.0
2019-01-11,11700.0
2019-01-12,11704.761904761905
2019-01-13,11709.52380952381
2019-01-14,11714.285714285714
2019-01-15,11719.047619047618
2019-01-16,11723.809523809523
2019-01-17,11728.57142857143
2019-01-18,11733.333333333334
2019-01-19,11738.095238095239
2019-01-20,11742.857142857143
2019-01-21,11747.619047619048
2019-01-22,11752.380952380952
2019-01-23,11757.142857142857
2019-01-24,11761.904761904761
2019-01-25,11766.666666666666
2019-01-26,11771.42857142857
2019-01-27,11776.190476190477
2019-01-28,11780.952380952382
2019-01-29,11785.714285714286
2019-01-30,11790.47619047619
2019-01-31,11795.238095238095
2019-02-01,11800.0
2019-02-02,11783.333333333334
2019-02-03,11766.666666666666
2019-02-04,11750.0
2019-02-05,11650.0
2019-02-06,11650.0
2019-02-07,11650.0
2019-02-08,11650.0
2019-02-09,11650.0
2019-02-10,11700.0
2019-02-11,11700.0
2019-02-12,11700.0
2019-02-13,11705.882352941177
2019-02-14,11711.764705882353
2019-02-15,11717.64705882353
2019-02-16,11723.529411764706
2019-02-17,11729.411764705883
2019-02-18,11735.29411764706
2019-02-19,11741.176470588236
2019-02-20,11747.058823529413
2019-02-21,11752.941176470587
2019-02-22,11758.823529411764
2019-02-23,11764.70588235294
2019-02-24,11770.588235294117
2019-02-25,11776.470588235294
2019-02-26,11782.35294117647
2019-02-27,11788.235294117647
2019-02-28,11794.117647058823
2019-03-01,11800.0
2019-03-02,11600.0
2019-03-03,11400.0
2019-03-04,11200.0
2019-03-05,11600.0
2019-03-06,11600.0
2019-03-07,11650.0
2019-03-08,11650.0
2019-03-09,11650.0
2019-03-10,11700.0
2019-03-11,11700.0
2019-03-12,11700.0
2019-03-13,11707.5
2019-03-14,11715.0
2019-03-15,11722.5
2019-03-16,11730.0
2019-03-17,11737.5
2019-03-18,11745.0
2019-03-19,11752.5
2019-03-20,11760.0
2019-03-21,11767.5
2019-03-22,11775.0
2019-03-23,11782.5
2019-03-24,11790.0
2019-03-25,11797.5
2019-03-26,11805.0
2019-03-27,11812.5
2019-03-28,11820.0
2019-03-29,11827.5
2019-03-30,11835.0
2019-03-31,11842.5
2019-04-01,11850.0
2019-04-02,11900.0
2019-04-03,11850.0
2019-04-04,11700.0
2019-04-05,11650.0
2019-04-06,11600.0
2019-04-07,11700.0
2019-04-08,11675.0
2019-04-09,11650.0
2019-04-10,11700.0
2019-04-11,11700.0
2019-04-12,11700.0
2019-04-13,11670.0
2019-04-14,11640.0
2019-04-15,11610.0
2019-04-16,11580.0
2019-04-17,11550.0
2019-04-18,11520.0
2019-04-19,11490.0
2019-04-20,11460.0
2019-04-21,11430.0
2019-04-22,11400.0
2019-04-23,11370.0
2019-04-24,11340.0
2019-04-25,11310.0
2019-04-26,11280.0
2019-04-27,11250.0
2019-04-28,11220.0
2019-04-29,11190.0
2019-04-30,11160.0
2019-05-01,11130.0
2019-05-02,11100.0
2019-05-03,11800.0
2019-05-04,11700.0
2019-05-05,11683.333333333334
2019-05-06,11666.666666666666
2019-05-07,11650.0
2019-05-08,11650.0
2019-05-09,11650.0
2019-05-10,11675.0
2019-05-11,11700.0
2019-05-12,11700.0
2019-05-13,11709.52380952381
2019-05-14,11719.047619047618
2019-05-15,11728.57142857143
2019-05-16,11738.095238095239
2019-05-17,11747.619047619048
2019-05-18,11757.142857142857
2019-05-19,11766.666666666666
2019-05-20,11776.190476190477
2019-05-21,11785.714285714286
2019-05-22,11795.238095238095
2019-05-23,11804.761904761905
2019-05-24,11814.285714285714
2019-05-25,11823.809523809523
2019-05-26,11833.333333333334
2019-05-27,11842.857142857143
2019-05-28,11852.380952380952
2019-05-29,11861.904761904761
2019-05-30,11871.42857142857
2019-05-31,11880.952380952382
2019-06-01,11890.47619047619
2019-06-02,11900.0
2019-06-03,11850.0
2019-06-04,11750.0
2019-06-05,11650.0
2019-06-06,13100.0
2019-06-07,12375.0
2019-06-08,11650.0
2019-06-09,11650.0
2019-06-10,11675.0
2019-06-11,11700.0
2019-06-12,11700.0
2019-06-13,11705.263157894737
2019-06-14,11710.526315789473
2019-06-15,11715.78947368421
2019-06-16,11721.052631578947
2019-06-17,11726.315789473685
2019-06-18,11731.578947368422
2019-06-19,11736.842105263158
2019-06-20,11742.105263157895
2019-06-21,11747.368421052632
2019-06-22,11752.631578947368
2019-06-23,11757.894736842105
2019-06-24,11763.157894736842
2019-06-25,11768.421052631578
2019-06-26,11773.684210526315
2019-06-27,11778.947368421053
2019-06-28,11784.21052631579
2019-06-29,11789.473684210527
2019-06-30,11794.736842105263
2019-07-01,11800.0
2019-07-02,11900.0
2019-07-03,10900.0
2019-07-04,11250.0
2019-07-05,11600.0
2019-07-06,11500.0
2019-07-07,11575.0
2019-07-08,11650.0
2019-07-09,11675.0
2019-07-10,11700.0
2019-07-11,11700.0
2019-07-12,11707.142857142857
2019-07-13,11714.285714285714
2019-07-14,11721.42857142857
2019-07-15,11728.57142857143
2019-07-16,11735.714285714286
2019-07-17,11742.857142857143
2019-07-18,11750.0
2019-07-19,11757.142857142857
2019-07-20,11764.285714285714
2019-07-21,11771.42857142857
2019-07-22,11778.57142857143
2019-07-23,11785.714285714286
2019-07-24,11792.857142857143
2019-07-25,11800.0
2019-07-26,11807.142857142857
2019-07-27,11814.285714285714
2019-07-28,11821.42857142857
2019-07-29,11828.57142857143
2019-07-30,11835.714285714286
2019-07-31,11842.857142857143
2019-08-01,11850.0
2019-08-02,11900.0
2019-08-03,11850.0
2019-08-04,11700.0
2019-08-05,11600.0
2019-08-06,11625.0
2019-08-07,11650.0
2019-08-08,11650.0
2019-08-09,11675.0
2019-08-10,11700.0
2019-08-11,11700.0
2019-08-12,11707.142857142857
2019-08-13,11714.285714285714
2019-08-14,11721.42857142857
2019-08-15,11728.57142857143
2019-08-16,11735.714285714286
2019-08-17,11742.857142857143
2019-08-18,11750.0
2019-08-19,11757.142857142857
2019-08-20,11764.285714285714
2019-08-21,11771.42857142857
2019-08-22,11778.57142857143
2019-08-23,11785.714285714286
2019-08-24,11792.857142857143
2019-08-25,11800.0
2019-08-26,11807.142857142857
2019-08-27,11814.285714285714
2019-08-28,11821.42857142857
2019-08-29,11828.57142857143
2019-08-30,11835.714285714286
2019-08-31,11842.857142857143
2019-09-01,11850.0
2019-09-02,11800.0
2019-09-03,11750.0
2019-09-04,11700.0
2019-09-05,11600.0
2019-09-06,11625.0
2019-09-07,11650.0
2019-09-08,11650.0
2019-09-09,11650.0
2019-09-10,11700.0
2019-09-11,11675.0
2019-09-12,11650.0
2019-09-13,11660.526315789473
2019-09-14,11671.052631578947
2019-09-15,11681.578947368422
2019-09-16,11692.105263157895
2019-09-17,11702.631578947368
2019-09-18,11713.157894736842
2019-09-19,11723.684210526315
2019-09-20,11734.21052631579
2019-09-21,11744.736842105263
2019-09-22,11755.263157894737
2019-09-23,11765.78947368421
2019-09-24,11776.315789473685
2019-09-25,11786.842105263158
2019-09-26,11797.368421052632
2019-09-27,11807.894736842105
2019-09-28,11818.421052631578
2019-09-29,11828.947368421053
2019-09-30,11839.473684210527
2019-10-01,11850.0
2019-10-02,11800.0
2019-10-03,11750.0
2019-10-04,11700.0
2019-10-05,11650.0
2019-10-06,11600.0
2019-10-07,11650.0
2019-10-08,11650.0
2019-10-09,11650.0
2019-10-10,11700.0
2019-10-11,11700.0
2019-10-12,11700.0
2019-10-13,11707.5
2019-10-14,11715.0
2019-10-15,11722.5
2019-10-16,11730.0
2019-10-17,11737.5
2019-10-18,11745.0
2019-10-19,11752.5
2019-10-20,11760.0
2019-10-21,11767.5
2019-10-22,11775.0
2019-10-23,11782.5
2019-10-24,11790.0
2019-10-25,11797.5
2019-10-26,11805.0
2019-10-27,11812.5
2019-10-28,11820.0
2019-10-29,11827.5
2019-10-30,11835.0
2019-10-31,11842.5
2019-11-01,11850.0
2019-11-02,11900.0
2019-11-03,11800.0
2019-11-04,11700.0
2019-11-05,11675.0
2019-11-06,11650.0
2019-11-07,11650.0
2019-11-08,11650.0
2019-11-09,11650.0
2019-11-10,11700.0
2019-11-11,11700.0
2019-11-12,11750.0
2019-11-13,11757.5
2019-11-14,11765.0
2019-11-15,11772.5
2019-11-16,11780.0
2019-11-17,11787.5
2019-11-18,11795.0
2019-11-19,11802.5
2019-11-20,11810.0
2019-11-21,11817.5
2019-11-22,11825.0
2019-11-23,11832.5
2019-11-24,11840.0
2019-11-25,11847.5
2019-11-26,11855.0
2019-11-27,11862.5
2019-11-28,11870.0
2019-11-29,11877.5
2019-11-30,11885.0
2019-12-01,11892.5
2019-12-02,11900.0
2019-12-03,11800.0
2019-12-04,11700.0
2019-12-05,11650.0
2019-12-06,11600.0
2019-12-07,11650.0
2019-12-08,11650.0
2019-12-09,11650.0
2019-12-10,11675.0
2019-12-11,11700.0
2019-12-12,11700.0
2019-12-13,11706.521739130434
2019-12-14,11713.04347826087
2019-12-15,11719.565217391304
2019-12-16,11726.08695652174
2019-12-17,11732.608695652174
2019-12-18,11739.130434782608
2019-12-19,11745.652173913044
2019-12-20,11752.173913043478
2019-12-21,11758.695652173914
2019-12-22,11765.217391304348
2019-12-23,11771.739130434782
2019-12-24,11778.260869565218
2019-12-25,11784.782608695652
2019-12-26,11791.304347826086
2019-12-27,11797.826086956522
2019-12-28,11804.347826086956
2019-12-29,11810.869565217392
2019-12-30,11817.391304347826
2019-12-31,11823.91304347826
2020-01-01,11830.434782608696
2020-01-02,11836.95652173913
2020-01-03,11843.478260869566
2020-01-04,11850.0
2020-01-05,12350.0
2020-01-06,11500.0
2020-01-07,11750.0
2020-01-08,11750.0
2020-01-09,11750.0
2020-01-10,11750.0
2020-01-11,11725.0
2020-01-12,11700.0
2020-01-13,11702.5
2020-01-14,11705.0
2020-01-15,11707.5
2020-01-16,11710.0
2020-01-17,11712.5
2020-01-18,11715.0
2020-01-19,11717.5
2020-01-20,11720.0
2020-01-21,11722.5
2020-01-22,11725.0
2020-01-23,11727.5
2020-01-24,11730.0
2020-01-25,11732.5
2020-01-26,11735.0
2020-01-27,11737.5
2020-01-28,11740.0
2020-01-29,11742.5
2020-01-30,11745.0
2020-01-31,11747.5
2020-02-01,11750.0
2020-02-02,11775.0
2020-02-03,11800.0
2020-02-04,11850.0
2020-02-05,11825.0
2020-02-06,11800.0
2020-02-07,11750.0
2020-02-08,11750.0
2020-02-09,11750.0
2020-02-10,11750.0
2020-02-11,11750.0
2020-02-12,11700.0
2020-02-13,11705.555555555555
2020-02-14,11711.111111111111
2020-02-15,11716.666666666666
2020-02-16,11722.222222222223
2020-02-17,11727.777777777777
2020-02-18,11733.333333333334
2020-02-19,11738.888888888889
2020-02-20,11744.444444444445
2020-02-21,11750.0
2020-02-22,11755.555555555555
2020-02-23,11761.111111111111
2020-02-24,11766.666666666666
2020-02-25,11772.222222222223
2020-02-26,11777.777777777777
2020-02-27,11783.333333333334
2020-02-28,11788.888888888889
2020-02-29,11794.444444444445
2020-03-01,11800.0
2020-03-02,11750.0
2020-03-03,11800.0
2020-03-04,11850.0
2020-03-05,11825.0
2020-03-06,11800.0
2020-03-07,11750.0
2020-03-08,11750.0
2020-03-09,11750.0
2020-03-10,11750.0
2020-03-11,11750.0
2020-03-12,11700.0
2020-03-13,11704.761904761905
2020-03-14,11709.52380952381
2020-03-15,11714.285714285714
2020-03-16,11719.047619047618
2020-03-17,11723.809523809523
2020-03-18,11728.57142857143
2020-03-19,11733.333333333334
2020-03-20,11738.095238095239
2020-03-21,11742.857142857143
2020-03-22,11747.619047619048
2020-03-23,11752.380952380952
2020-03-24,11757.142857142857
2020-03-25,11761.904761904761
2020-03-26,11766.666666666666
2020-03-27,11771.42857142857
2020-03-28,11776.190476190477
2020-03-29,11780.952380952382
2020-03-30,11785.714285714286
2020-03-31,11790.47619047619
2020-04-01,11795.238095238095
2020-04-02,11800.0
2020-04-03,11800.0
2020-04-04,11825.0
2020-04-05,11850.0
2020-04-06,11800.0
2020-04-07,11775.0
2020-04-08,11750.0
2020-04-09,11750.0
2020-04-10,11750.0
2020-04-11,11750.0
2020-04-12,11700.0
2020-04-13,11702.5
2020-04-14,11705.0
2020-04-15,11707.5
2020-04-16,11710.0
2020-04-17,11712.5
2020-04-18,11715.0
2020-04-19,11717.5
2020-04-20,11720.0
2020-04-21,11722.5
2020-04-22,11725.0
2020-04-23,11727.5
2020-04-24,11730.0
2020-04-25,11732.5
2020-04-26,11735.0
2020-04-27,11737.5
2020-04-28,11740.0
2020-04-29,11742.5
2020-04-30,11745.0
2020-05-01,11747.5
2020-05-02,11750.0
2020-05-03,11800.0
2020-05-04,11800.0
2020-05-05,11800.0
2020-05-06,11800.0
2020-05-07,11775.0
2020-05-08,11750.0
2020-05-09,11750.0
2020-05-10,11750.0
2020-05-11,11750.0
2020-05-12,11750.0
2020-05-13,11750.0
2020-05-14,11750.0
2020-05-15,11750.0
2020-05-16,11750.0
2020-05-17,11750.0
2020-05-18,11750.0
2020-05-19,11750.0
2020-05-20,11750.0
2020-05-21,11750.0
2020-05-22,11750.0
2020-05-23,11750.0
2020-05-24,11750.0
2020-05-25,11750.0
2020-05-26,11750.0
2020-05-27,11750.0
2020-05-28,11750.0
2020-05-29,11750.0
2020-05-30,11750.0
2020-05-31,11750.0
2020-06-01,11750.0
2020-06-02,11750.0
2020-06-03,11800.0
2020-06-04,11850.0
2020-06-05,11850.0
2020-06-06,11800.0
2020-06-07,11750.0
2020-06-08,11750.0
2020-06-09,11750.0
2020-06-10,11750.0
2020-06-11,11750.0
2020-06-12,11750.0
2020-06-13,11750.0
2020-06-14,11750.0
2020-06-15,11750.0
2020-06-16,11750.0
2020-06-17,11750.0
2020-06-18,11750.0
2020-06-19,11750.0
2020-06-20,11750.0
2020-06-21,11750.0
2020-06-22,11750.0
2020-06-23,11750.0
2020-06-24,11750.0
2020-06-25,11750.0
2020-06-26,11750.0
2020-06-27,11750.0
2020-06-28,11750.0
2020-06-29,11750.0
2020-06-30,11750.0
2020-07-01,11750.0
2020-07-02,11800.0
2020-07-03,11825.0
2020-07-04,11850.0
2020-07-05,11950.0
2020-07-06,11850.0
2020-07-07,11750.0
2020-07-08,11750.0
2020-07-09,11750.0
2020-07-10,11750.0
2020-07-11,11725.0
2020-07-12,11700.0
2020-07-13,11702.5
2020-07-14,11705.0
2020-07-15,11707.5
2020-07-16,11710.0
2020-07-17,11712.5
2020-07-18,11715.0
2020-07-19,11717.5
2020-07-20,11720.0
2020-07-21,11722.5
2020-07-22,11725.0
2020-07-23,11727.5
2020-07-24,11730.0
2020-07-25,11732.5
2020-07-26,11735.0
2020-07-27,11737.5
2020-07-28,11740.0
2020-07-29,11742.5
2020-07-30,11745.0
2020-07-31,11747.5
2020-08-01,11750.0
2020-08-02,11783.333333333334
2020-08-03,11816.666666666666
2020-08-04,11850.0
2020-08-05,11800.0
2020-08-06,11800.0
2020-08-07,11750.0
2020-08-08,11750.0
2020-08-09,11750.0
2020-08-10,11750.0
2020-08-11,11725.0
2020-08-12,11700.0
2020-08-13,11702.5
2020-08-14,11705.0
2020-08-15,11707.5
2020-08-16,11710.0
2020-08-17,11712.5
2020-08-18,11715.0
2020-08-19,11717.5
2020-08-20,11720.0
2020-08-21,11722.5
2020-08-22,11725.0
2020-08-23,11727.5
2020-08-24,11730.0
2020-08-25,11732.5
2020-08-26,11735.0
2020-08-27,11737.5
2020-08-28,11740.0
2020-08-29,11742.5
2020-08-30,11745.0
2020-08-31,11747.5
2020-09-01,11750.0
2020-09-02,11775.0
2020-09-03,11800.0
2020-09-04,11850.0
2020-09-05,11825.0
2020-09-06,11800.0
2020-09-07,11750.0
2020-09-08,11750.0
2020-09-09,11750.0
2020-09-10,11750.0
2020-09-11,11750.0
2020-09-12,12600.0
2020-09-13,12560.526315789473
2020-09-14,12521.052631578947
2020-09-15,12481.578947368422
2020-09-16,12442.105263157895
2020-09-17,12402.631578947368
2020-09-18,12363.157894736842
2020-09-19,12323.684210526315
2020-09-20,12284.21052631579
2020-09-21,12244.736842105263
2020-09-22,12205.263157894737
2020-09-23,12165.78947368421
2020-09-24,12126.315789473685
2020-09-25,12086.842105263158
2020-09-26,12047.368421052632
2020-09-27,12007.894736842105
2020-09-28,11968.421052631578
2020-09-29,11928.947368421053
2020-09-30,11889.473684210527
2020-10-01,11850.0
2020-10-02,11800.0
2020-10-03,11800.0
2020-10-04,11550.0
2020-10-05,11675.0
2020-10-06,11800.0
2020-10-07,11750.0
2020-10-08,11750.0
2020-10-09,11750.0
2020-10-10,11750.0
2020-10-11,11750.0
2020-10-12,11700.0
2020-10-13,11704.761904761905
2020-10-14,11709.52380952381
2020-10-15,11714.285714285714
2020-10-16,11719.047619047618
2020-10-17,11723.809523809523
2020-10-18,11728.57142857143
2020-10-19,11733.333333333334
2020-10-20,11738.095238095239
2020-10-21,11742.857142857143
2020-10-22,11747.619047619048
2020-10-23,11752.380952380952
2020-10-24,11757.142857142857
2020-10-25,11761.904761904761
2020-10-26,11766.666666666666
2020-10-27,11771.42857142857
2020-10-28,11776.190476190477
2020-10-29,11780.952380952382
2020-10-30,11785.714285714286
2020-10-31,11790.47619047619
2020-11-01,11795.238095238095
2020-11-02,11800.0
2020-11-03,11800.0
2020-11-04,11800.0
2020-11-05,11800.0
2020-11-06,11800.0
2020-11-07,11775.0
2020-11-08,11750.0
2020-11-09,11750.0
2020-11-10,11750.0
2020-11-11,11750.0
2020-11-12,11700.0
2020-11-13,11705.0
2020-11-14,11710.0
2020-11-15,11715.0
2020-11-16,11720.0
2020-11-17,11725.0
2020-11-18,11730.0
2020-11-19,11735.0
2020-11-20,11740.0
2020-11-21,11745.0
2020-11-22,11750.0
2020-11-23,11755.0
2020-11-24,11760.0
2020-11-25,11765.0
2020-11-26,11770.0
2020-11-27,11775.0
2020-11-28,11780.0
2020-11-29,11785.0
2020-11-30,11790.0
2020-12-01,11795.0
2020-12-02,11800.0
2020-12-03,11800.0
2020-12-04,11800.0
2020-12-05,11800.0
2020-12-06,11800.0
2020-12-07,11775.0
2020-12-08,11750.0
2020-12-09,11750.0
2020-12-10,11750.0
2020-12-11,11750.0
2020-12-12,11750.0
2020-12-13,11750.0
2020-12-14,11750.0
2020-12-15,11750.0
2020-12-16,11750.0
2020-12-17,11750.0
2020-12-18,11750.0
2020-12-19,11750.0
2020-12-20,11750.0
2020-12-21,11750.0
2020-12-22,11750.0
2020-12-23,11750.0
2020-12-24,11750.0
2020-12-25,11750.0
2020-12-26,11750.0
2020-12-27,11750.0
2020-12-28,11750.0
2020-12-29,11750.0
2020-12-30,11750.0
2020-12-31,11750.0
2021-01-01,11750.0
2021-01-02,11750.0
2021-01-03,11750.0
2021-01-04,11700.0
2021-01-05,12250.0
2021-01-06,12800.0
2021-01-07,11650.0
2021-01-08,11625.0
2021-01-09,11600.0
2021-01-10,11600.0
2021-01-11,11600.0
2021-01-12,11600.0
2021-01-13,11607.142857142857
2021-01-14,11614.285714285714
2021-01-15,11621.42857142857
2021-01-16,11628.57142857143
2021-01-17,11635.714285714286
2021-01-18,11642.857142857143
2021-01-19,11650.0
2021-01-20,11657.142857142857
2021-01-21,11664.285714285714
2021-01-22,11671.42857142857
2021-01-23,11678.57142857143
2021-01-24,11685.714285714286
2021-01-25,11692.857142857143
2021-01-26,11700.0
2021-01-27,11707.142857142857
2021-01-28,11714.285714285714
2021-01-29,11721.42857142857
2021-01-30,11728.57142857143
2021-01-31,11735.714285714286
2021-02-01,11742.857142857143
2021-02-02,11750.0
2021-02-03,11750.0
2021-02-04,13200.0
2021-02-05,12425.0
2021-02-06,11650.0
2021-02-07,11650.0
2021-02-08,11600.0
2021-02-09,11600.0
2021-02-10,11600.0
2021-02-11,11600.0
2021-02-12,11600.0
2021-02-13,11608.333333333334
2021-02-14,11616.666666666666
2021-02-15,11625.0
2021-02-16,11633.333333333334
2021-02-17,11641.666666666666
2021-02-18,11650.0
2021-02-19,11658.333333333334
2021-02-20,11666.666666666666
2021-02-21,11675.0
2021-02-22,11683.333333333334
2021-02-23,11691.666666666666
2021-02-24,11700.0
2021-02-25,11708.333333333334
2021-02-26,11716.666666666666
2021-02-27,11725.0
2021-02-28,11733.333333333334
2021-03-01,11741.666666666666
2021-03-02,11750.0
2021-03-03,11750.0
2021-03-04,11725.0
2021-03-05,11700.0
2021-03-06,11650.0
2021-03-07,11625.0
2021-03-08,11600.0
2021-03-09,11600.0
2021-03-10,11600.0
2021-03-11,11600.0
2021-03-12,11600.0
2021-03-13,11605.0
2021-03-14,11610.0
2021-03-15,11615.0
2021-03-16,11620.0
2021-03-17,11625.0
2021-03-18,11630.0
2021-03-19,11635.0
2021-03-20,11640.0
2021-03-21,11645.0
2021-03-22,11650.0
2021-03-23,11655.0
2021-03-24,11660.0
2021-03-25,11665.0
2021-03-26,11670.0
2021-03-27,11675.0
2021-03-28,11680.0
2021-03-29,11685.0
2021-03-30,11690.0
2021-03-31,11695.0
2021-04-01,11700.0
2021-04-02,11750.0
2021-04-03,11750.0
2021-04-04,11725.0
2021-04-05,11700.0
2021-04-06,11650.0
2021-04-07,11625.0
2021-04-08,11600.0
2021-04-09,11600.0
2021-04-10,11600.0
2021-04-11,11600.0
2021-04-12,11607.5
2021-04-13,11615.0
2021-04-14,11622.5
2021-04-15,11630.0
2021-04-16,11637.5
2021-04-17,11645.0
2021-04-18,11652.5
2021-04-19,11660.0
2021-04-20,11667.5
2021-04-21,11675.0
2021-04-22,11682.5
2021-04-23,11690.0
2021-04-24,11697.5
2021-04-25,11705.0
2021-04-26,11712.5
2021-04-27,11720.0
2021-04-28,11727.5
2021-04-29,11735.0
2021-04-30,11742.5
2021-05-01,11750.0
2021-05-02,11750.0
2021-05-03,11750.0
2021-05-04,11700.0
2021-05-05,11650.0
2021-05-06,11650.0
2021-05-07,11650.0
2021-05-08,11600.0
2021-05-09,11600.0
2021-05-10,11600.0
2021-05-11,11600.0
2021-05-12,11607.142857142857
2021-05-13,11614.285714285714
2021-05-14,11621.42857142857
2021-05-15,11628.57142857143
2021-05-16,11635.714285714286
2021-05-17,11642.857142857143
2021-05-18,11650.0
2021-05-19,11657.142857142857
2021-05-20,11664.285714285714
2021-05-21,11671.42857142857
2021-05-22,11678.57142857143
2021-05-23,11685.714285714286
2021-05-24,11692.857142857143
2021-05-25,11700.0
2021-05-26,11707.142857142857
2021-05-27,11714.285714285714
2021-05-28,11721.42857142857
2021-05-29,11728.57142857143
2021-05-30,11735.714285714286
2021-05-31,11742.857142857143
2021-06-01,11750.0
2021-06-02,11733.333333333334
2021-06-03,11716.666666666666
2021-06-04,11700.0
2021-06-05,11650.0
2021-06-06,11650.0
2021-06-07,11650.0
2021-06-08,11600.0
2021-06-09,11600.0
2021-06-10,11600.0
2021-06-11,11600.0
2021-06-12,11600.0
2021-06-13,11607.894736842105
2021-06-14,11615.78947368421
2021-06-15,11623.684210526315
2021-06-16,11631.578947368422
2021-06-17,11639.473684210527
2021-06-18,11647.368421052632
2021-06-19,11655.263157894737
2021-06-20,11663.157894736842
2021-06-21,11671.052631578947
2021-06-22,11678.947368421053
2021-06-23,11686.842105263158
2021-06-24,11694.736842105263
2021-06-25,11702.631578947368
2021-06-26,11710.526315789473
2021-06-27,11718.421052631578
2021-06-28,11726.315789473685
2021-06-29,11734.21052631579
2021-06-30,11742.105263157895
2021-07-01,11750.0
2021-07-02,11733.333333333334
2021-07-03,11716.666666666666
2021-07-04,11700.0
2021-07-05,11650.0
2021-07-06,11650.0
2021-07-07,11650.0
2021-07-08,11625.0
2021-07-09,11600.0
2021-07-10,11600.0
2021-07-11,11600.0
2021-07-12,11600.0
2021-07-13,11607.5
2021-07-14,11615.0
2021-07-15,11622.5
2021-07-16,11630.0
2021-07-17,11637.5
2021-07-18,11645.0
2021-07-19,11652.5
2021-07-20,11660.0
2021-07-21,11667.5
2021-07-22,11675.0
2021-07-23,11682.5
2021-07-24,11690.0
2021-07-25,11697.5
2021-07-26,11705.0
2021-07-27,11712.5
2021-07-28,11720.0
2021-07-29,11727.5
2021-07-30,11735.0
2021-07-31,11742.5
2021-08-01,11750.0
2021-08-02,11750.0
2021-08-03,11750.0
2021-08-04,11700.0
2021-08-05,11675.0
2021-08-06,11650.0
2021-08-07,11650.0
2021-08-08,11625.0
2021-08-09,11600.0
2021-08-10,11600.0
2021-08-11,11600.0
2021-08-12,11600.0
2021-08-13,11607.142857142857
2021-08-14,11614.285714285714
2021-08-15,11621.42857142857
2021-08-16,11628.57142857143
2021-08-17,11635.714285714286
2021-08-18,11642.857142857143
2021-08-19,11650.0
2021-08-20,11657.142857142857
2021-08-21,11664.285714285714
2021-08-22,11671.42857142857
2021-08-23,11678.57142857143
2021-08-24,11685.714285714286
2021-08-25,11692.857142857143
2021-08-26,11700.0
2021-08-27,11707.142857142857
2021-08-28,11714.285714285714
2021-08-29,11721.42857142857
2021-08-30,11728.57142857143
2021-08-31,11735.714285714286
2021-09-01,11742.857142857143
2021-09-02,11750.0
2021-09-03,11750.0
2021-09-04,11700.0
2021-09-05,11675.0
2021-09-06,11650.0
2021-09-07,11650.0
2021-09-08,11600.0
2021-09-09,11600.0
2021-09-10,11600.0
2021-09-11,11600.0
2021-09-12,11600.0
2021-09-13,11607.5
2021-09-14,11615.0
2021-09-15,11622.5
2021-09-16,11630.0
2021-09-17,11637.5
2021-09-18,11645.0
2021-09-19,11652.5
2021-09-20,11660.0
2021-09-21,11667.5
2021-09-22,11675.0
2021-09-23,11682.5
2021-09-24,11690.0
2021-09-25,11697.5
2021-09-26,11705.0
2021-09-27,11712.5
2021-09-28,11720.0
2021-09-29,11727.5
2021-09-30,11735.0
2021-10-01,11742.5
2021-10-02,11750.0
2021-10-03,11750.0
2021-10-04,11700.0
2021-10-05,11650.0
2021-10-06,11650.0
2021-10-07,11625.0
2021-10-08,11600.0
2021-10-09,11600.0
2021-10-10,11600.0
2021-10-11,11600.0
2021-10-12,11600.0
2021-10-13,11607.5
2021-10-14,11615.0
2021-10-15,11622.5
2021-10-16,11630.0
2021-10-17,11637.5
2021-10-18,11645.0
2021-10-19,11652.5
2021-10-20,11660.0
2021-10-21,11667.5
2021-10-22,11675.0
2021-10-23,11682.5
2021-10-24,11690.0
2021-10-25,11697.5
2021-10-26,11705.0
2021-10-27,11712.5
2021-10-28,11720.0
2021-10-29,11727.5
2021-10-30,11735.0
2021-10-31,11742.5
2021-11-01,11750.0
2021-11-02,11750.0
2021-11-03,12400.0
2021-11-04,12025.0
2021-11-05,11650.0
2021-11-06,11650.0
2021-11-07,11450.0
2021-11-08,11250.0
2021-11-09,11425.0
2021-11-10,11600.0
2021-11-11,11600.0
2021-11-12,11607.5
2021-11-13,11615.0
2021-11-14,11622.5
2021-11-15,11630.0
2021-11-16,11637.5
2021-11-17,11645.0
2021-11-18,11652.5
2021-11-19,11660.0
2021-11-20,11667.5
2021-11-21,11675.0
2021-11-22,11682.5
2021-11-23,11690.0
2021-11-24,11697.5
2021-11-25,11705.0
2021-11-26,11712.5
2021-11-27,11720.0
2021-11-28,11727.5
2021-11-29,11735.0
2021-11-30,11742.5
2021-12-01,11750.0
2021-12-02,11550.0
2021-12-03,11750.0
2021-12-04,11700.0
2021-12-05,11683.333333333334
2021-12-06,11666.666666666666
2021-12-07,11650.0
2021-12-08,11600.0
2021-12-09,11600.0
2021-12-10,11600.0
2021-12-11,11600.0
2021-12-12,11572.727272727272
2021-12-13,11545.454545454546
2021-12-14,11518.181818181818
2021-12-15,11490.90909090909
2021-12-16,11463.636363636364
2021-12-17,11436.363636363636
2021-12-18,11409.09090909091
2021-12-19,11381.818181818182
2021-12-20,11354.545454545454
2021-12-21,11327.272727272728
2021-12-22,11300.0
2021-12-23,11272.727272727272
2021-12-24,11245.454545454546
2021-12-25,11218.181818181818
2021-12-26,11190.90909090909
2021-12-27,11163.636363636364
2021-12-28,11136.363636363636
2021-12-29,11109.09090909091
2021-12-30,11081.818181818182
2021-12-31,11054.545454545454
2022-01-01,11027.272727272728
2022-01-02,11000.0
2022-01-03,11750.0
2022-01-04,11700.0
2022-01-05,11700.0
2022-01-06,11700.0
2022-01-07,11700.0
2022-01-08,11700.0
2022-01-09,11850.0
2022-01-10,11975.0
2022-01-11,12100.0
2022-01-12,12200.0
2022-01-13,12176.190476190477
2022-01-14,12152.380952380952
2022-01-15,12128.57142857143
2022-01-16,12104.761904761905
2022-01-17,12080.952380952382
2022-01-18,12057.142857142857
2022-01-19,12033.333333333334
2022-01-20,12009.52380952381
2022-01-21,11985.714285714286
2022-01-22,11961.904761904761
2022-01-23,11938.095238095239
2022-01-24,11914.285714285714
2022-01-25,11890.47619047619
2022-01-26,11866.666666666666
2022-01-27,11842.857142857143
2022-01-28,11819.047619047618
2022-01-29,11795.238095238095
2022-01-30,11771.42857142857
2022-01-31,11747.619047619048
2022-02-01,11723.809523809523
2022-02-02,11700.0
2022-02-03,11700.0
2022-02-04,11700.0
2022-02-05,11700.0
2022-02-06,11700.0
2022-02-07,11700.0
2022-02-08,11700.0
2022-02-09,11850.0
2022-02-10,11975.0
2022-02-11,12100.0
2022-02-12,12250.0
2022-02-13,12214.70588235294
2022-02-14,12179.411764705883
2022-02-15,12144.117647058823
2022-02-16,12108.823529411764
2022-02-17,12073.529411764706
2022-02-18,12038.235294117647
2022-02-19,12002.941176470587
2022-02-20,11967.64705882353
2022-02-21,11932.35294117647
2022-02-22,11897.058823529413
2022-02-23,11861.764705882353
2022-02-24,11826.470588235294
2022-02-25,11791.176470588236
2022-02-26,11755.882352941177
2022-02-27,11720.588235294117
2022-02-28,11685.29411764706
2022-03-01,11650.0
2022-03-02,11700.0
2022-03-03,11700.0
2022-03-04,11700.0
2022-03-05,11700.0
2022-03-06,11700.0
2022-03-07,11700.0
2022-03-08,11700.0
2022-03-09,11875.0
2022-03-10,12050.0
2022-03-11,12100.0
2022-03-12,12080.952380952382
2022-03-13,12061.904761904761
2022-03-14,12042.857142857143
2022-03-15,12023.809523809523
2022-03-16,12004.761904761905
2022-03-17,11985.714285714286
2022-03-18,11966.666666666666
2022-03-19,11947.619047619048
2022-03-20,11928.57142857143
2022-03-21,11909.52380952381
2022-03-22,11890.47619047619
2022-03-23,11871.42857142857
2022-03-24,11852.380952380952
2022-03-25,11833.333333333334
2022-03-26,11814.285714285714
2022-03-27,11795.238095238095
2022-03-28,11776.190476190477
2022-03-29,11757.142857142857
2022-03-30,11738.095238095239
2022-03-31,11719.047619047618
2022-04-01,11700.0
2022-04-02,11700.0
2022-04-03,11700.0
2022-04-04,11750.0
2022-04-05,13750.0
2022-04-06,12725.0
2022-04-07,11700.0
2022-04-08,11700.0
2022-04-09,11875.0
2022-04-10,12050.0
2022-04-11,12100.0
2022-04-12,12077.5
2022-04-13,12055.0
2022-04-14,12032.5
2022-04-15,12010.0
2022-04-16,11987.5
2022-04-17,11965.0
2022-04-18,11942.5
2022-04-19,11920.0
2022-04-20,11897.5
2022-04-21,11875.0
2022-04-22,11852.5
2022-04-23,11830.0
2022-04-24,11807.5
2022-04-25,11785.0
2022-04-26,11762.5
2022-04-27,11740.0
2022-04-28,11717.5
2022-04-29,11695.0
2022-04-30,11672.5
2022-05-01,11650.0
2022-05-02,11666.666666666666
2022-05-03,11683.333333333334
2022-05-04,11700.0
2022-05-05,12350.0
2022-05-06,12025.0
2022-05-07,11700.0
2022-05-08,11700.0
2022-05-09,11850.0
2022-05-10,12050.0
2022-05-11,12175.0
2022-05-12,12300.0
2022-05-13,12267.5
2022-05-14,12235.0
2022-05-15,12202.5
2022-05-16,12170.0
2022-05-17,12137.5
2022-05-18,12105.0
2022-05-19,12072.5
2022-05-20,12040.0
2022-05-21,12007.5
2022-05-22,11975.0
2022-05-23,11942.5
2022-05-24,11910.0
2022-05-25,11877.5
2022-05-26,11845.0
2022-05-27,11812.5
2022-05-28,11780.0
2022-05-29,11747.5
2022-05-30,11715.0
2022-05-31,11682.5
2022-06-01,11650.0
2022-06-02,11666.666666666666
2022-06-03,11683.333333333334
2022-06-04,11700.0
2022-06-05,12350.0
2022-06-06,11700.0
2022-06-07,11700.0
2022-06-08,11775.0
2022-06-09,11850.0
2022-06-10,12050.0
2022-06-11,12175.0
2022-06-12,12300.0
2022-06-13,12268.421052631578
2022-06-14,12236.842105263158
2022-06-15,12205.263157894737
2022-06-16,12173.684210526315
2022-06-17,12142.105263157895
2022-06-18,12110.526315789473
2022-06-19,12078.947368421053
2022-06-20,12047.368421052632
2022-06-21,12015.78947368421
2022-06-22,11984.21052631579
2022-06-23,11952.631578947368
2022-06-24,11921.052631578947
2022-06-25,11889.473684210527
2022-06-26,11857.894736842105
2022-06-27,11826.315789473683
2022-06-28,11794.736842105263
2022-06-29,11763.157894736842
2022-06-30,11731.578947368422
2022-07-01,11700.0
2022-07-02,11750.0
2022-07-03,11700.0
2022-07-04,11700.0
2022-07-05,11675.0
2022-07-06,11650.0
2022-07-07,11700.0
2022-07-08,11775.0
2022-07-09,11850.0
2022-07-10,12050.0
2022-07-11,12100.0
2022-07-12,12350.0
2022-07-13,12321.42857142857
2022-07-14,12292.857142857143
2022-07-15,12264.285714285714
2022-07-16,12235.714285714286
2022-07-17,12207.142857142857
2022-07-18,12178.57142857143
2022-07-19,12150.0
2022-07-20,12121.42857142857
2022-07-21,12092.857142857143
2022-07-22,12064.285714285714
2022-07-23,12035.714285714286
2022-07-24,12007.142857142857
2022-07-25,11978.57142857143
2022-07-26,11950.0
2022-07-27,11921.42857142857
2022-07-28,11892.857142857143
2022-07-29,11864.285714285714
2022-07-30,11835.714285714286
2022-07-31,11807.142857142857
2022-08-01,11778.57142857143
2022-08-02,11750.0
2022-08-03,11700.0
2022-08-04,11700.0
2022-08-05,11700.0
2022-08-06,11700.0
2022-08-07,11700.0
2022-08-08,11750.0
2022-08-09,11850.0
2022-08-10,11975.0
2022-08-11,12100.0
2022-08-12,12350.0
2022-08-13,12321.42857142857
2022-08-14,12292.857142857143
2022-08-15,12264.285714285714
2022-08-16,12235.714285714286
2022-08-17,12207.142857142857
2022-08-18,12178.57142857143
2022-08-19,12150.0
2022-08-20,12121.42857142857
2022-08-21,12092.857142857143
2022-08-22,12064.285714285714
2022-08-23,12035.714285714286
2022-08-24,12007.142857142857
2022-08-25,11978.57142857143
2022-08-26,11950.0
2022-08-27,11921.42857142857
2022-08-28,11892.857142857143
2022-08-29,11864.285714285714
2022-08-30,11835.714285714286
2022-08-31,11807.142857142857
2022-09-01,11778.57142857143
2022-09-02,11750.0
2022-09-03,11700.0
2022-09-04,11700.0
2022-09-05,11700.0
2022-09-06,11650.0
2022-09-07,11675.0
2022-09-08,11700.0
2022-09-09,11900.0
2022-09-10,12000.0
2022-09-11,12100.0
2022-09-12,12350.0
2022-09-13,12313.157894736842
2022-09-14,12276.315789473685
2022-09-15,12239.473684210527
2022-09-16,12202.631578947368
2022-09-17,12165.78947368421
2022-09-18,12128.947368421053
2022-09-19,12092.105263157895
2022-09-20,12055.263157894737
2022-09-21,12018.421052631578
2022-09-22,11981.578947368422
2022-09-23,11944.736842105263
2022-09-24,11907.894736842105
2022-09-25,11871.052631578947
2022-09-26,11834.21052631579
2022-09-27,11797.368421052632
2022-09-28,11760.526315789473
2022-09-29,11723.684210526317
2022-09-30,11686.842105263158
2022-10-01,11650.0
2022-10-02,11700.0
2022-10-03,11700.0
2022-10-04,11700.0
2022-10-05,11700.0
2022-10-06,11700.0
2022-10-07,11725.0
2022-10-08,11750.0
2022-10-09,11900.0
2022-10-10,12050.0
2022-10-11,12100.0
2022-10-12,12080.952380952382
2022-10-13,12061.904761904761
2022-10-14,12042.857142857143
2022-10-15,12023.809523809523
2022-10-16,12004.761904761905
2022-10-17,11985.714285714286
2022-10-18,11966.666666666666
2022-10-19,11947.619047619048
2022-10-20,11928.57142857143
2022-10-21,11909.52380952381
2022-10-22,11890.47619047619
2022-10-23,11871.42857142857
2022-10-24,11852.380952380952
2022-10-25,11833.333333333334
2022-10-26,11814.285714285714
2022-10-27,11795.238095238095
2022-10-28,11776.190476190477
2022-10-29,11757.142857142857
2022-10-30,11738.095238095239
2022-10-31,11719.047619047618
2022-11-01,11700.0
2022-11-02,11700.0
2022-11-03,11700.0
2022-11-04,11700.0
2022-11-05,11700.0
2022-11-06,11700.0
2022-11-07,11700.0
2022-11-08,11750.0
2022-11-09,11900.0
2022-11-10,12050.0
2022-11-11,12100.0
2022-11-12,12080.0
2022-11-13,12060.0
2022-11-14,12040.0
2022-11-15,12020.0
2022-11-16,12000.0
2022-11-17,11980.0
2022-11-18,11960.0
2022-11-19,11940.0
2022-11-20,11920.0
2022-11-21,11900.0
2022-11-22,11880.0
2022-11-23,11860.0
2022-11-24,11840.0
2022-11-25,11820.0
2022-11-26,11800.0
2022-11-27,11780.0
2022-11-28,11760.0
2022-11-29,11740.0
2022-11-30,11720.0
2022-12-01,11700.0
2022-12-02,11700.0
2022-12-03,11700.0
2022-12-04,11700.0
2022-12-05,11700.0
2022-12-06,11700.0
2022-12-07,11700.0
2022-12-08,11750.0
2022-12-09,11900.0
2022-12-10,12050.0
2022-12-11,12200.0
2022-12-12,12350.0
2022-12-13,12371.42857142857
2022-12-14,12392.857142857143
2022-12-15,12414.285714285714
2022-12-16,12435.714285714286
2022-12-17,12457.142857142857
2022-12-18,12478.57142857143
2022-12-19,12500.0
2022-12-20,12521.42857142857
2022-12-21,12542.857142857143
2022-12-22,12564.285714285714
2022-12-23,12585.714285714286
2022-12-24,12607.142857142857
2022-12-25,12628.57142857143
2022-12-26,12650.0
2022-12-27,12671.42857142857
2022-12-28,12692.857142857143
2022-12-29,12714.285714285714
2022-12-30,12735.714285714286
2022-12-31,12757.142857142857
2023-01-01,12778.57142857143
2023-01-02,12800.0
2023-01-03,13100.0
2023-01-04,12950.0
2023-01-05,12800.0
2023-01-06,13400.0
2023-01-07,13400.0
2023-01-08,13400.0
2023-01-09,13650.0
2023-01-10,14075.0
2023-01-11,14500.0
2023-01-12,14500.0
2023-01-13,14400.0
2023-01-14,14300.0
2023-01-15,14200.0
2023-01-16,14100.0
2023-01-17,14000.0
2023-01-18,13900.0
2023-01-19,13800.0
2023-01-20,13700.0
2023-01-21,13600.0
2023-01-22,13500.0
2023-01-23,13400.0
2023-01-24,13300.0
2023-01-25,13200.0
2023-01-26,13100.0
2023-01-27,13000.0
2023-01-28,12900.0
2023-01-29,12800.0
2023-01-30,12700.0
2023-01-31,12600.0
2023-02-01,12500.0
2023-02-02,12800.0
2023-02-03,13050.0
2023-02-04,13175.0
2023-02-05,13300.0
2023-02-06,13350.0
2023-02-07,13375.0
2023-02-08,13400.0
2023-02-09,13850.0
2023-02-10,14300.0
2023-02-11,14500.0
2023-02-12,14391.666666666666
2023-02-13,14283.333333333334
2023-02-14,14175.0
2023-02-15,14066.666666666666
2023-02-16,13958.333333333334
2023-02-17,13850.0
2023-02-18,13741.666666666666
2023-02-19,13633.333333333334
2023-02-20,13525.0
2023-02-21,13416.666666666666
2023-02-22,13308.333333333334
2023-02-23,13200.0
2023-02-24,13091.666666666666
2023-02-25,12983.333333333334
2023-02-26,12875.0
2023-02-27,12766.666666666666
2023-02-28,12658.333333333334
2023-03-01,12550.0
2023-03-02,12800.0
2023-03-03,13050.0
2023-03-04,13300.0
2023-03-05,13300.0
2023-03-06,13350.0
2023-03-07,13400.0
2023-03-08,13400.0
2023-03-09,13875.0
2023-03-10,14350.0
2023-03-11,14500.0
2023-03-12,14404.761904761905
2023-03-13,14309.52380952381
2023-03-14,14214.285714285714
2023-03-15,14119.047619047618
2023-03-16,14023.809523809523
2023-03-17,13928.57142857143
2023-03-18,13833.333333333334
2023-03-19,13738.095238095239
2023-03-20,13642.857142857143
2023-03-21,13547.619047619048
2023-03-22,13452.380952380952
2023-03-23,13357.142857142857
2023-03-24,13261.904761904761
2023-03-25,13166.666666666666
2023-03-26,13071.428571428572
2023-03-27,12976.190476190477
2023-03-28,12880.952380952382
2023-03-29,12785.714285714286
2023-03-30,12690.47619047619
2023-03-31,12595.238095238095
2023-04-01,12500.0
2023-04-02,12766.666666666666
2023-04-03,13033.333333333334
2023-04-04,13300.0
2023-04-05,13300.0
2023-04-06,13350.0
2023-04-07,13400.0
2023-04-08,13400.0
2023-04-09,13750.0
2023-04-10,14350.0
2023-04-11,14450.0
2023-04-12,14550.0
2023-04-13,14444.736842105263
2023-04-14,14339.473684210527
2023-04-15,14234.21052631579
2023-04-16,14128.947368421053
2023-04-17,14023.684210526317
2023-04-18,13918.421052631578
2023-04-19,13813.157894736842
2023-04-20,13707.894736842105
2023-04-21,13602.631578947368
2023-04-22,13497.368421052632
2023-04-23,13392.105263157895
2023-04-24,13286.842105263158
2023-04-25,13181.578947368422
2023-04-26,13076.315789473683
2023-04-27,12971.052631578947
2023-04-28,12865.78947368421
2023-04-29,12760.526315789473
2023-04-30,12655.263157894737
2023-05-01,12550.0
2023-05-02,12800.0
2023-05-03,13050.0
2023-05-04,13300.0
2023-05-05,13300.0
2023-05-06,13350.0
2023-05-07,13400.0
2023-05-08,13600.0
2023-05-09,13800.0
2023-05-10,14400.0
2023-05-11,14475.0
2023-05-12,14550.0
2023-05-13,14450.0
2023-05-14,14350.0
2023-05-15,14250.0
2023-05-16,14150.0
2023-05-17,14050.0
2023-05-18,13950.0
2023-05-19,13850.0
2023-05-20,13750.0
2023-05-21,13650.0
2023-05-22,13550.0
2023-05-23,13450.0
2023-05-24,13350.0
2023-05-25,13250.0
2023-05-26,13150.0
2023-05-27,13050.0
2023-05-28,12950.0
2023-05-29,12850.0
2023-05-30,12750.0
2023-05-31,12650.0
2023-06-01,12550.0
2023-06-02,12850.0
2023-06-03,13100.0
2023-06-04,13300.0
2023-06-05,13325.0
2023-06-06,13350.0
2023-06-07,13400.0
2023-06-08,13625.0
2023-06-09,13850.0
2023-06-10,14400.0
2023-06-11,14500.0
2023-06-12,14550.0
2023-06-13,14465.0
2023-06-14,14380.0
2023-06-15,14295.0
2023-06-16,14210.0
2023-06-17,14125.0
2023-06-18,14040.0
2023-06-19,13955.0
2023-06-20,13870.0
2023-06-21,13785.0
2023-06-22,13700.0
2023-06-23,13615.0
2023-06-24,13530.0
2023-06-25,13445.0
2023-06-26,13360.0
2023-06-27,13275.0
2023-06-28,13190.0
2023-06-29,13105.0
2023-06-30,13020.0
2023-07-01,12935.0
2023-07-02,12850.0
2023-07-03,13100.0
2023-07-04,13250.0
2023-07-05,13300.0
2023-07-06,13350.0
2023-07-07,13400.0
2023-07-08,13400.0
2023-07-09,13850.0
2023-07-10,14175.0
2023-07-11,14500.0
2023-07-12,14500.0
2023-07-13,14423.809523809523
2023-07-14,14347.619047619048
2023-07-15,14271.42857142857
2023-07-16,14195.238095238095
2023-07-17,14119.047619047618
2023-07-18,14042.857142857143
2023-07-19,13966.666666666666
2023-07-20,13890.47619047619
2023-07-21,13814.285714285714
2023-07-22,13738.095238095239
2023-07-23,13661.904761904761
2023-07-24,13585.714285714286
2023-07-25,13509.52380952381
2023-07-26,13433.333333333334
2023-07-27,13357.142857142857
2023-07-28,13280.952380952382
2023-07-29,13204.761904761905
2023-07-30,13128.571428571428
2023-07-31,13052.380952380952
2023-08-01,12976.190476190477
2023-08-02,12900.0
2023-08-03,13100.0
2023-08-04,13200.0
2023-08-05,13300.0
2023-08-06,13350.0
2023-08-07,13375.0
2023-08-08,13400.0
2023-08-09,13900.0
2023-08-10,14200.0
2023-08-11,14500.0
2023-08-12,14550.0
2023-08-13,14450.0
2023-08-14,14350.0
2023-08-15,14250.0
2023-08-16,14150.0
2023-08-17,14050.0
2023-08-18,13950.0
2023-08-19,13850.0
2023-08-20,13750.0
2023-08-21,13650.0
2023-08-22,13550.0
2023-08-23,13450.0
2023-08-24,13350.0
2023-08-25,13250.0
2023-08-26,13150.0
2023-08-27,13050.0
2023-08-28,12950.0
2023-08-29,12850.0
2023-08-30,12750.0
2023-08-31,12650.0
2023-09-01,12550.0
2023-09-02,12900.0
2023-09-03,13100.0
2023-09-04,13200.0
2023-09-05,13300.0
2023-09-06,13350.0
2023-09-07,13375.0
2023-09-08,13400.0
2023-09-09,13900.0
2023-09-10,14400.0
2023-09-11,14500.0
2023-09-12,14405.0
2023-09-13,14310.0
2023-09-14,14215.0
2023-09-15,14120.0
2023-09-16,14025.0
2023-09-17,13930.0
2023-09-18,13835.0
2023-09-19,13740.0
2023-09-20,13645.0
2023-09-21,13550.0
2023-09-22,13455.0
2023-09-23,13360.0
2023-09-24,13265.0
2023-09-25,13170.0
2023-09-26,13075.0
2023-09-27,12980.0
2023-09-28,12885.0
2023-09-29,12790.0
2023-09-30,12695.0
2023-10-01,12600.0
2023-10-02,12950.0
2023-10-03,13100.0
2023-10-04,13300.0
2023-10-05,13250.0
2023-10-06,13325.0
2023-10-07,13400.0
2023-10-08,13400.0
2023-10-09,13900.0
2023-10-10,14400.0
2023-10-11,14550.0
2023-10-12,14457.142857142857
2023-10-13,14364.285714285714
2023-10-14,14271.42857142857
2023-10-15,14178.57142857143
2023-10-16,14085.714285714286
2023-10-17,13992.857142857143
2023-10-18,13900.0
2023-10-19,13807.142857142857
2023-10-20,13714.285714285714
2023-10-21,13621.42857142857
2023-10-22,13528.57142857143
2023-10-23,13435.714285714286
2023-10-24,13342.857142857143
2023-10-25,13250.0
2023-10-26,13157.142857142857
2023-10-27,13064.285714285714
2023-10-28,12971.42857142857
2023-10-29,12878.571428571428
2023-10-30,12785.714285714286
2023-10-31,12692.857142857143
2023-11-01,12600.0
2023-11-02,12833.333333333334
2023-11-03,13066.666666666666
2023-11-04,13300.0
2023-11-05,13300.0
2023-11-06,13350.0
2023-11-07,13400.0
2023-11-08,13450.0
2023-11-09,13900.0
2023-11-10,14450.0
2023-11-11,14525.0
2023-11-12,14600.0
2023-11-13,14494.736842105263
2023-11-14,14389.473684210527
2023-11-15,14284.21052631579
2023-11-16,14178.947368421053
2023-11-17,14073.684210526317
2023-11-18,13968.421052631578
2023-11-19,13863.157894736842
2023-11-20,13757.894736842105
2023-11-21,13652.631578947368
2023-11-22,13547.368421052632
2023-11-23,13442.105263157895
2023-11-24,13336.842105263158
2023-11-25,13231.578947368422
2023-11-26,13126.315789473683
2023-11-27,13021.052631578947
2023-11-28,12915.78947368421
2023-11-29,12810.526315789473
2023-11-30,12705.263157894737
2023-12-01,12600.0
2023-12-02,12833.333333333334
2023-12-03,13066.666666666666
2023-12-04,13300.0
2023-12-05,13300.0
2023-12-06,13350.0
2023-12-07,13400.0
2023-12-08,13675.0
2023-12-09,13950.0
2023-12-10,14450.0
2023-12-11,14525.0
2023-12-12,14600.0
2023-12-13,14587.5
2023-12-14,14575.0
2023-12-15,14562.5
2023-12-16,14550.0
2023-12-17,14537.5
2023-12-18,14525.0
2023-12-19,14512.5
2023-12-20,14500.0
2023-12-21,14487.5
2023-12-22,14475.0
2023-12-23,14462.5
2023-12-24,14450.0
2023-12-25,14437.5
2023-12-26,14425.0
2023-12-27,14412.5
2023-12-28,14400.0
2023-12-29,14387.5
2023-12-30,14375.0
2023-12-31,14362.5
2024-01-01,14350.0
2024-01-02,14850.0
2024-01-03,15800.0
2024-01-04,15750.0
2024-01-05,15300.0
2024-01-06,15275.0
2024-01-07,15250.0
2024-01-08,15250.0
2024-01-09,15225.0
2024-01-10,15200.0
2024-01-11,15150.0
2024-01-12,15123.809523809523
2024-01-13,15097.619047619048
2024-01-14,15071.42857142857
2024-01-15,15045.238095238095
2024-01-16,15019.047619047618
2024-01-17,14992.857142857143
2024-01-18,14966.666666666666
2024-01-19,14940.47619047619
2024-01-20,14914.285714285714
2024-01-21,14888.095238095239
2024-01-22,14861.904761904761
2024-01-23,14835.714285714286
2024-01-24,14809.52380952381
2024-01-25,14783.333333333334
2024-01-26,14757.142857142857
2024-01-27,14730.952380952382
2024-01-28,14704.761904761905
2024-01-29,14678.57142857143
2024-01-30,14652.380952380952
2024-01-31,14626.190476190477
2024-02-01,14600.0
2024-02-02,14900.0
2024-02-03,15300.0
2024-02-04,15700.0
2024-02-05,15350.0
2024-02-06,15300.0
2024-02-07,15250.0
2024-02-08,15250.0
2024-02-09,15150.0
2024-02-10,15200.0
2024-02-11,15175.0
2024-02-12,15150.0
2024-02-13,15119.444444444445
2024-02-14,15088.888888888889
2024-02-15,15058.333333333334
2024-02-16,15027.777777777777
2024-02-17,14997.222222222223
2024-02-18,14966.666666666666
2024-02-19,14936.111111111111
2024-02-20,14905.555555555555
2024-02-21,14875.0
2024-02-22,14844.444444444445
2024-02-23,14813.888888888889
2024-02-24,14783.333333333334
2024-02-25,14752.777777777777
2024-02-26,14722.222222222223
2024-02-27,14691.666666666666
2024-02-28,14661.111111111111
2024-02-29,14630.555555555555
2024-03-01,14600.0
2024-03-02,14966.666666666666
2024-03-03,15333.333333333334
2024-03-04,15700.0
2024-03-05,15350.0
2024-03-06,15250.0
2024-03-07,15250.0
2024-03-08,15250.0
2024-03-09,15250.0
2024-03-10,15200.0
2024-03-11,15175.0
2024-03-12,15150.0
2024-03-13,15122.5
2024-03-14,15095.0
2024-03-15,15067.5
2024-03-16,15040.0
2024-03-17,15012.5
2024-03-18,14985.0
2024-03-19,14957.5
2024-03-20,14930.0
2024-03-21,14902.5
2024-03-22,14875.0
2024-03-23,14847.5
2024-03-24,14820.0
2024-03-25,14792.5
2024-03-26,14765.0
2024-03-27,14737.5
2024-03-28,14710.0
2024-03-29,14682.5
2024-03-30,14655.0
2024-03-31,14627.5
2024-04-01,14600.0
2024-04-02,15225.0
2024-04-03,15850.0
2024-04-04,15700.0
2024-04-05,15450.0
2024-04-06,15200.0
2024-04-07,15250.0
2024-04-08,15250.0
2024-04-09,15250.0
2024-04-10,15200.0
2024-04-11,15150.0
2024-04-12,15150.0
2024-04-13,15121.052631578947
2024-04-14,15092.105263157895
2024-04-15,15063.157894736842
2024-04-16,15034.21052631579
2024-04-17,15005.263157894737
2024-04-18,14976.315789473685
2024-04-19,14947.368421052632
2024-04-20,14918.421052631578
2024-04-21,14889.473684210527
2024-04-22,14860.526315789473
2024-04-23,14831.578947368422
2024-04-24,14802.631578947368
2024-04-25,14773.684210526315
2024-04-26,14744.736842105263
2024-04-27,14715.78947368421
2024-04-28,14686.842105263158
2024-04-29,14657.894736842105
2024-04-30,14628.947368421053
2024-05-01,14600.0
2024-05-02,15000.0
2024-05-03,15850.0
2024-05-04,15700.0
2024-05-05,15475.0
2024-05-06,15250.0
2024-05-07,15250.0
2024-05-08,15200.0
2024-05-09,15250.0
2024-05-10,15200.0
2024-05-11,15150.0
2024-05-12,15150.0
2024-05-13,15142.857142857143
2024-05-14,15135.714285714286
2024-05-15,15128.57142857143
2024-05-16,15121.42857142857
2024-05-17,15114.285714285714
2024-05-18,15107.142857142857
2024-05-19,15100.0
2024-05-20,15092.857142857143
2024-05-21,15085.714285714286
2024-05-22,15078.57142857143
2024-05-23,15071.42857142857
2024-05-24,15064.285714285714
2024-05-25,15057.142857142857
2024-05-26,15050.0
2024-05-27,15042.857142857143
2024-05-28,15035.714285714286
2024-05-29,15028.57142857143
2024-05-30,15021.42857142857
2024-05-31,15014.285714285714
2024-06-01,15007.142857142857
2024-06-02,15000.0
2024-06-03,15850.0
2024-06-04,15600.0
2024-06-05,15350.0
2024-06-06,15250.0
2024-06-07,15250.0
2024-06-08,15250.0
2024-06-09,15250.0
2024-06-10,15200.0
2024-06-11,15150.0
2024-06-12,15150.0
2024-06-13,15145.0
2024-06-14,15140.0
2024-06-15,15135.0
2024-06-16,15130.0
2024-06-17,15125.0
2024-06-18,15120.0
2024-06-19,15115.0
2024-06-20,15110.0
2024-06-21,15105.0
2024-06-22,15100.0
2024-06-23,15095.0
2024-06-24,15090.0
2024-06-25,15085.0
2024-06-26,15080.0
2024-06-27,15075.0
2024-06-28,15070.0
2024-06-29,15065.0
2024-06-30,15060.0
2024-07-01,15055.0
2024-07-02,15050.0
2024-07-03,15850.0
2024-07-04,15600.0
2024-07-05,15350.0
2024-07-06,15200.0
2024-07-07,15225.0
2024-07-08,15250.0
2024-07-09,15225.0
2024-07-10,15200.0
2024-07-11,15150.0
2024-07-12,15123.809523809523
2024-07-13,15097.619047619048
2024-07-14,15071.42857142857
2024-07-15,15045.238095238095
2024-07-16,15019.047619047618
2024-07-17,14992.857142857143
2024-07-18,14966.666666666666
2024-07-19,14940.47619047619
2024-07-20,14914.285714285714
2024-07-21,14888.095238095239
2024-07-22,14861.904761904761
2024-07-23,14835.714285714286
2024-07-24,14809.52380952381
2024-07-25,14783.333333333334
2024-07-26,14757.142857142857
2024-07-27,14730.952380952382
2024-07-28,14704.761904761905
2024-07-29,14678.57142857143
2024-07-30,14652.380952380952
2024-07-31,14626.190476190477
2024-08-01,14600.0
2024-08-02,15050.0
2024-08-03,15850.0
2024-08-04,15700.0
2024-08-05,15350.0
2024-08-06,15300.0
2024-08-07,15250.0
2024-08-08,15250.0
2024-08-09,15225.0
2024-08-10,15200.0
2024-08-11,15100.0
2024-08-12,15076.190476190477
2024-08-13,15052.380952380952
2024-08-14,15028.57142857143
2024-08-15,15004.761904761905
2024-08-16,14980.952380952382
2024-08-17,14957.142857142857
2024-08-18,14933.333333333334
2024-08-19,14909.52380952381
2024-08-20,14885.714285714286
2024-08-21,14861.904761904761
2024-08-22,14838.095238095239
2024-08-23,14814.285714285714
2024-08-24,14790.47619047619
2024-08-25,14766.666666666666
2024-08-26,14742.857142857143
2024-08-27,14719.047619047618
2024-08-28,14695.238095238095
2024-08-29,14671.42857142857
2024-08-30,14647.619047619048
2024-08-31,14623.809523809523
2024-09-01,14600.0
2024-09-02,15000.0
2024-09-03,15350.0
2024-09-04,15700.0
2024-09-05,15300.0
2024-09-06,15250.0
2024-09-07,15200.0
2024-09-08,15200.0
2024-09-09,15250.0
2024-09-10,15200.0
2024-09-11,15175.0
2024-09-12,15150.0
2024-09-13,15126.315789473685
2024-09-14,15102.631578947368
2024-09-15,15078.947368421053
2024-09-16,15055.263157894737
2024-09-17,15031.578947368422
2024-09-18,15007.894736842105
2024-09-19,14984.21052631579
2024-09-20,14960.526315789473
2024-09-21,14936.842105263158
2024-09-22,14913.157894736842
2024-09-23,14889.473684210527
2024-09-24,14865.78947368421
2024-09-25,14842.105263157895
2024-09-26,14818.421052631578
2024-09-27,14794.736842105263
2024-09-28,14771.052631578947
2024-09-29,14747.368421052632
2024-09-30,14723.684210526317
2024-10-01,14700.0
2024-10-02,15033.333333333334
2024-10-03,15366.666666666666
2024-10-04,15700.0
2024-10-05,15300.0
2024-10-06,15200.0
2024-10-07,15200.0
2024-10-08,15225.0
2024-10-09,15250.0
2024-10-10,15200.0
2024-10-11,15175.0
2024-10-12,15150.0
2024-10-13,15125.0
2024-10-14,15100.0
2024-10-15,15075.0
2024-10-16,15050.0
2024-10-17,15025.0
2024-10-18,15000.0
2024-10-19,14975.0
2024-10-20,14950.0
2024-10-21,14925.0
2024-10-22,14900.0
2024-10-23,14875.0
2024-10-24,14850.0
2024-10-25,14825.0
2024-10-26,14800.0
2024-10-27,14775.0
2024-10-28,14750.0
2024-10-29,14725.0
2024-10-30,14700.0
2024-10-31,14675.0
2024-11-01,14650.0
2024-11-02,15225.0
2024-11-03,15800.0
2024-11-04,15700.0
2024-11-05,15475.0
2024-11-06,15250.0
2024-11-07,15250.0
2024-11-08,15250.0
2024-11-09,15250.0
2024-11-10,15200.0
2024-11-11,15150.0
2024-11-12,15100.0
2024-11-13,15073.684210526315
2024-11-14,15047.368421052632
2024-11-15,15021.052631578947
2024-11-16,14994.736842105263
2024-11-17,14968.421052631578
2024-11-18,14942.105263157895
2024-11-19,14915.78947368421
2024-11-20,14889.473684210527
2024-11-21,14863.157894736842
2024-11-22,14836.842105263158
2024-11-23,14810.526315789473
2024-11-24,14784.21052631579
2024-11-25,14757.894736842105
2024-11-26,14731.578947368422
2024-11-27,14705.263157894737
2024-11-28,14678.947368421053
2024-11-29,14652.631578947368
2024-11-30,14626.315789473685
2024-12-01,14600.0
2024-12-02,15150.0
2024-12-03,15800.0
2024-12-04,15700.0
2024-12-05,15475.0
2024-12-06,15250.0
2024-12-07,15250.0
2024-12-08,15250.0
2024-12-09,15250.0
2024-12-10,15200.0
2024-12-11,15150.0
2024-12-12,15150.0
2024-12-13,15140.0
2024-12-14,15130.0
2024-12-15,15120.0
2024-12-16,15110.0
2024-12-17,15100.0
2024-12-18,15090.0
2024-12-19,15080.0
2024-12-20,15070.0
2024-12-21,15060.0
2024-12-22,15050.0
2024-12-23,15040.0
2024-12-24,15030.0
2024-12-25,15020.0
2024-12-26,15010.0
2024-12-27,15000.0
2024-12-28,14990.0
2024-12-29,14980.0
2024-12-30,14970.0
2024-12-31,14960.0
2025-01-01,14950.0
2025-01-02,15033.333333333334
2025-01-03,15116.666666666666
2025-01-04,15200.0
2025-01-05,15200.0
2025-01-06,15400.0
2025-01-07,15600.0
2025-01-08,15900.0
2025-01-09,15900.0
2025-01-10,15800.0
2025-01-11,15770.454545454546
2025-01-12,15740.90909090909
2025-01-13,15711.363636363636
2025-01-14,15681.818181818182
2025-01-15,15652.272727272728
2025-01-16,15622.727272727272
2025-01-17,15593.181818181818
2025-01-18,15563.636363636364
2025-01-19,15534.09090909091
2025-01-20,15504.545454545454
2025-01-21,15475.0
2025-01-22,15445.454545454546
2025-01-23,15415.90909090909
2025-01-24,15386.363636363636
2025-01-25,15356.818181818182
2025-01-26,15327.272727272728
2025-01-27,15297.727272727272
2025-01-28,15268.181818181818
2025-01-29,15238.636363636364
2025-01-30,15209.09090909091
2025-01-31,15179.545454545454
2025-02-01,15150.0
2025-02-02,15166.666666666666
2025-02-03,15183.333333333334
2025-02-04,15200.0
2025-02-05,15250.0
2025-02-06,15400.0
2025-02-07,15650.0
2025-02-08,15750.0
2025-02-09,15850.0
2025-02-10,15815.0
2025-02-11,15780.0
2025-02-12,15745.0
2025-02-13,15710.0
2025-02-14,15675.0
2025-02-15,15640.0
2025-02-16,15605.0
2025-02-17,15570.0
2025-02-18,15535.0
2025-02-19,15500.0
2025-02-20,15465.0
2025-02-21,15430.0
2025-02-22,15395.0
2025-02-23,15360.0
2025-02-24,15325.0
2025-02-25,15290.0
2025-02-26,15255.0
2025-02-27,15220.0
2025-02-28,15185.0
2025-03-01,15150.0
2025-03-02,15150.0
2025-03-03,15200.0
2025-03-04,15200.0
2025-03-05,15300.0
2025-03-06,15400.0
2025-03-07,15650.0
2025-03-08,15775.0
2025-03-09,15900.0
2025-03-10,15868.75
2025-03-11,15837.5
2025-03-12,15806.25
2025-03-13,15775.0
2025-03-14,15743.75
2025-03-15,15712.5
2025-03-16,15681.25
2025-03-17,15650.0
2025-03-18,15618.75
2025-03-19,15587.5
2025-03-20,15556.25
2025-03-21,15525.0
2025-03-22,15493.75
2025-03-23,15462.5
2025-03-24,15431.25
2025-03-25,15400.0
2025-03-26,15368.75
2025-03-27,15337.5
2025-03-28,15306.25
2025-03-29,15275.0
2025-03-30,15243.75
2025-03-31,15212.5
2025-04-01,15181.25
2025-04-02,15150.0
2025-04-03,15200.0
2025-04-04,15200.0
2025-04-05,15300.0
2025-04-06,15400.0
2025-04-07,15650.0
2025-04-08,15900.0
2025-04-09,15850.0
2025-04-10,15821.739130434782
2025-04-11,15793.478260869566
2025-04-12,15765.217391304348
2025-04-13,15736.95652173913
2025-04-14,15708.695652173914
2025-04-15,15680.434782608696
2025-04-16,15652.173913043478
2025-04-17,15623.91304347826
2025-04-18,15595.652173913044
2025-04-19,15567.391304347826
2025-04-20,15539.130434782608
2025-04-21,15510.869565217392
2025-04-22,15482.608695652174
2025-04-23,15454.347826086956
2025-04-24,15426.08695652174
2025-04-25,15397.826086956522
2025-04-26,15369.565217391304
2025-04-27,15341.304347826086
2025-04-28,15313.04347826087
2025-04-29,15284.782608695652
2025-04-30,15256.521739130434
2025-05-01,15228.260869565218
2025-05-02,15200.0
2025-05-03,15200.0
2025-05-04,15225.0
2025-05-05,15250.0
2025-05-06,15400.0
2025-05-07,15650.0
2025-05-08,15900.0
2025-05-09,15900.0
2025-05-10,15865.217391304348
2025-05-11,15830.434782608696
2025-05-12,15795.652173913044
2025-05-13,15760.869565217392
2025-05-14,15726.08695652174
2025-05-15,15691.304347826086
2025-05-16,15656.521739130434
2025-05-17,15621.739130434782
2025-05-18,15586.95652173913
2025-05-19,15552.173913043478
2025-05-20,15517.391304347826
2025-05-21,15482.608695652174
2025-05-22,15447.826086956522
2025-05-23,15413.04347826087
2025-05-24,15378.260869565218
2025-05-25,15343.478260869566
2025-05-26,15308.695652173914
2025-05-27,15273.91304347826
2025-05-28,15239.130434782608
2025-05-29,15204.347826086956
2025-05-30,15169.565217391304
2025-05-31,15134.782608695652
2025-06-01,15100.0
2025-06-02,15200.0
2025-06-03,15200.0
2025-06-04,15225.0
2025-06-05,15250.0
2025-06-06,15400.0
2025-06-07,15650.0
2025-06-08,15900.0
2025-06-09,15867.391304347826
2025-06-10,15834.782608695652
2025-06-11,15802.173913043478
2025-06-12,15769.565217391304
2025-06-13,15736.95652173913
2025-06-14,15704.347826086956
2025-06-15,15671.739130434782
2025-06-16,15639.130434782608
2025-06-17,15606.521739130434
2025-06-18,15573.91304347826
2025-06-19,15541.304347826086
2025-06-20,15508.695652173914
2025-06-21,15476.08695652174
2025-06-22,15443.478260869566
2025-06-23,15410.869565217392
2025-06-24,15378.260869565218
2025-06-25,15345.652173913044
2025-06-26,15313.04347826087
2025-06-27,15280.434782608696
2025-06-28,15247.826086956522
2025-06-29,15215.217391304348
2025-06-30,15182.608695652174
2025-07-01,15150.0
2025-07-02,15100.0
2025-07-03,15200.0
2025-07-04,15200.0
2025-07-05,15250.0
2025-07-06,15475.0
2025-07-07,15700.0
2025-07-08,15900.0
2025-07-09,15868.75
2025-07-10,15837.5
2025-07-11,15806.25
2025-07-12,15775.0
2025-07-13,15743.75
2025-07-14,15712.5
2025-07-15,15681.25
2025-07-16,15650.0
2025-07-17,15618.75
2025-07-18,15587.5
2025-07-19,15556.25
2025-07-20,15525.0
2025-07-21,15493.75
2025-07-22,15462.5
2025-07-23,15431.25
2025-07-24,15400.0
2025-07-25,15368.75
2025-07-26,15337.5
2025-07-27,15306.25
2025-07-28,15275.0
2025-07-29,15243.75
2025-07-30,15212.5
2025-07-31,15181.25
2025-08-01,15150.0
2025-08-02,15183.333333333334
2025-08-03,15216.666666666666
2025-08-04,15250.0
2025-08-05,15250.0
2025-08-06,15475.0
2025-08-07,15700.0
2025-08-08,15900.0
2025-08-09,15900.0
2025-08-10,15865.217391304348
2025-08-11,15830.434782608696
2025-08-12,15795.652173913044
2025-08-13,15760.869565217392
2025-08-14,15726.08695652174
2025-08-15,15691.304347826086
2025-08-16,15656.521739130434
2025-08-17,15621.739130434782
2025-08-18,15586.95652173913
2025-08-19,15552.173913043478
2025-08-20,15517.391304347826
2025-08-21,15482.608695652174
2025-08-22,15447.826086956522
2025-08-23,15413.04347826087
2025-08-24,15378.260869565218
2025-08-25,15343.478260869566
2025-08-26,15308.695652173914
2025-08-27,15273.91304347826
2025-08-28,15239.130434782608
2025-08-29,15204.347826086956
2025-08-30,15169.565217391304
2025-08-31,15134.782608695652
2025-09-01,15100.0
2025-09-02,15150.0
2025-09-03,15200.0
2025-09-04,15250.0
2025-09-05,15250.0
2025-09-06,15400.0
2025-09-07,15700.0
2025-09-08,15800.0
2025-09-09,15900.0
2025-09-10,15865.90909090909
2025-09-11,15831.818181818182
2025-09-12,15797.727272727272
2025-09-13,15763.636363636364
2025-09-14,15729.545454545454
2025-09-15,15695.454545454546
2025-09-16,15661.363636363636
2025-09-17,15627.272727272728
2025-09-18,15593.181818181818
2025-09-19,15559.09090909091
2025-09-20,15525.0
2025-09-21,15490.90909090909
2025-09-22,15456.818181818182
2025-09-23,15422.727272727272
2025-09-24,15388.636363636364
2025-09-25,15354.545454545454
2025-09-26,15320.454545454546
2025-09-27,15286.363636363636
2025-09-28,15252.272727272728
2025-09-29,15218.181818181818
2025-09-30,15184.09090909091
2025-10-01,15150.0
